id,predicted
1543972437713169913,0.03333333333333333
1710552057351883447,0
97075525,0.7186666666666667
83734823,0.5506666666666666
56722823,0.096
103823601,0.834
1159028243437550345,0.234
92485765,0.41733333333333333
11142401,0.44
1189875082289533291,0
1544820103115167001,0.748
26331127,0.2773333333333333
58383089,0.6046666666666667
64762469,0.05333333333333334
100902043,0.45666666666666667
103130147,0.15533333333333332
94352581,0.36466666666666664
1849015146225985937,0.23866666666666667
91307779,0.706
53591385,0.0013333333333333333
84071033,0.017333333333333333
99484949,0.256
97864023,0.12866666666666668
31809543,0.004666666666666667
1519081708190436577,0.43066666666666664
59771473,0.7246666666666667
1310888620900225001,0.124
23054201,0.9446666666666667
37470529,0
1212015341587401973,0.5246666666666666
1416316577707248089,0.5213333333333333
101832245,0.884
68246995,0.9093333333333333
1756465820043819145,0.49066666666666664
27426879,0.9473333333333334
2091222630723307823,0.43133333333333335
9573817,0.46
2080092449182118981,0.4593333333333333
1251141566962475639,0.8246666666666667
1783888279582231987,0.9673333333333334
1826476019772171597,0.314
1249362949252967849,0.406
2051191513927827615,0
2039399745194706101,0.824
1893195000066736959,0.0013333333333333333
1567628852321220807,0.7166666666666667
64621205,0.7246666666666667
91938145,0.81
96597395,0.9433333333333334
1814888626208593037,0.8226666666666667
1826976599154564213,0.19466666666666665
51966579,0.038
85515737,0.7426666666666667
47186163,0.25533333333333336
2036309142044769915,0.9026666666666666
20905161,0.04133333333333333
73129985,0.274
95100725,0.20866666666666667
2084288255146553483,0.9606666666666667
58742447,0.7426666666666667
1886695825137020915,0.9786666666666667
1417185346384554545,0.41533333333333333
1885356732428994819,0.096
2007144270243278011,0.638
81007151,0.5846666666666667
1723114065324985943,0
60731401,0.188
1192486882099402455,0.08733333333333333
1946030187369504173,0.5246666666666666
29223797,0.010666666666666666
59323959,0.7353333333333333
50372867,0.032
1810106570479888653,0.15066666666666667
1885461012383046433,0
66101273,0.02666666666666667
14529759,0.5566666666666666
1250766577006766723,0.22466666666666665
106518741,0.628
72400835,0.9513333333333334
1409701429620698123,0.86
70424751,0.81
1363166573484625613,0.27666666666666667
18904713,0.7993333333333333
1797087576353554885,0.666
1197187293004134771,0.782
1674239116434375591,0.67
57836425,0.14866666666666667
59764833,0.01
105539499,0.06933333333333333
1597300897135600549,0.5186666666666667
32003851,0.04933333333333333
1256666296163762689,0.19822222222222222
106439181,0.09133333333333334
74111879,0.7886666666666666
69733421,0.958
2060842575246177695,0.7653333333333333
1280917146159393243,0.5353333333333333
2030632608934523157,0.62
2059671940655431503,0.03133333333333333
1602033196615588423,0.06133333333333333
40073513,0.9093333333333333
102556467,0.272
2083975193212643343,0.282
1522421588098514519,0.194
68672989,0
1463284044785406063,0
78126675,0.24533333333333332
93211405,0.18733333333333332
1685759651858937845,0
1543689154732856719,0.6346666666666667
1949625833889070187,0.214
30992181,0.25933333333333336
108514015,0.2926666666666667
92100893,0.12933333333333333
1802687560320534947,0.9853333333333333
61511661,0.7146666666666667
1810057176290931265,0.11533333333333333
1883882827665434287,0.212
9264897,0
30292517,0.9733333333333334
64766487,0.9066666666666666
1267959648744210427,0.8446666666666667
74639847,0.8633333333333333
77333199,0.021333333333333333
1127811022098867383,0.8466666666666667
1941956713402032851,0.512
95752595,0.836
102565765,0.10666666666666667
3545927,0.7266666666666667
2017335407613016505,0.9993333333333333
31286645,0.9386666666666666
1882804844215713467,0
2026440676828129453,0.20533333333333334
1687435862077556231,0.6546666666666666
40759097,0.06666666666666667
108776543,0.030666666666666665
102343117,0.714
88902571,0.7773333333333333
70992947,0.19
72472045,0.12933333333333333
84703449,0.8173333333333334
1888356921532606875,0.6686666666666666
1869866970779058007,0.025333333333333333
1947384934581191451,0
64250835,0.968
26987613,0.004666666666666667
57832007,0.2926666666666667
38273069,0.7633333333333333
1826297740950413851,0.16266666666666665
100891001,0.6406666666666667
1913633247537403995,0.8953333333333333
2031868563240211973,0.07733333333333334
76702739,0.9126666666666666
1381220178282429117,0.892
1218419600766351583,0.058666666666666666
83769527,0.93533333333333335
1593732730829748537,0.06
30684045,6.666666666666666e-4
45666757,0.21933333333333332
90519443,6.666666666666666e-4
61511227,0.7853333333333333
19990317,0.8373333333333334
17378941,0.10733333333333334
1266448747285594425,0.6066666666666667
2049752518423791487,0
1595707497828740245,0.9273333333333333
12307225,0.0013333333333333333
1739136211315838159,0.37933333333333336
1429341909907700621,0.12533333333333332
30840329,0.06
1843527752390772173,0.19266666666666668
1898394566311169215,0.08266666666666667
1729251318054512133,0.7913333333333333
1855350226467223747,0.92
102258339,0.7913333333333333
40613349,0
1616134523646442467,0.42133333333333334
58432359,0.9406666666666667
41295637,0.0033333333333333335
41802615,0
103130659,0.32266666666666666
5431507,0.278
33261443,0.005333333333333333
1532815829390526679,0.2773333333333333
17872769,0
18119269,0.15933333333333333
1197109770594456017,0.354
103420943,0.026
77555225,0.06866666666666667
105008639,0.02
30297983,0.868
97657475,0
95718025,0.08466666666666667
93675945,0.152
1726364764144508565,0.08933333333333333
85866829,0.8273333333333334
1567908525416967337,0.9273333333333333
1695173047908041003,0.3933333333333333
1652404511000476369,0.09733333333333333
1978112037167473199,0.010666666666666666
1178765098594784907,0.9606666666666667
61637927,0.12466666666666666
1300219371826039627,0.11533333333333333
2000301932531909807,0.17066666666666666
1704643128034088449,0.023333333333333334
1154686488398236669,0.0026666666666666666
1180106653144306711,0.8106666666666666
96795843,0.16866666666666666
66498483,0.09
1553890230698853325,0.22333333333333333
1147512302207034771,0.114
99260949,0.6293333333333333
9134993,0.45666666666666667
1192866655635793875,0.274
88228801,0.022
1184076800967758583,0.6693333333333333
1544045718927607473,0.9286666666666666
95712805,0.4266666666666667
1887552165081211093,0.05533333333333333
1961334879301341531,0.7026666666666667
2078550379946260633,0.612
1372514672522627087,0.5746666666666667
106725087,1
80942779,0.676
1500043649199360235,0.9993333333333333
102421931,0.934
98108711,0.994
1343685059533531643,0.06266666666666666
16679857,0.358
1245982524539318347,0.014666666666666666
97993305,0.17
1448447050861823159,0
2083139285596934635,0.9933333333333333
11993761,0
1905904207588909073,0.10666666666666667
1926468285383356993,0.10066666666666667
2021522357990265053,0.9433333333333334
69249487,0.9286666666666666
1411619630324211097,0.448
1362122707053382357,0.005333333333333333
1679543185156914131,0.518
50030917,0.6666666666666666
1773537336520195111,0.012
13177239,0.7293333333333333
11152257,0.11933333333333333
1901980483184365705,0.8166666666666667
23274351,0.3293333333333333
20022457,0.18066666666666667
26161407,0.96
1576629581904963721,0.012
1823469695159611255,0.16466666666666666
59409441,0.8986666666666666
96606551,0.0026666666666666666
1494736677972823935,0.636
1826982086057625401,0.8513333333333334
68468185,0.22066666666666668
12960767,0.526
1397035654055494735,0.7933333333333333
1911511945737343235,0.228
1532113211884677943,0.007333333333333333
25616591,0.05733333333333333
1332759962074578631,0.958
1837698347531376179,0.9766666666666667
80059425,0
1939517076973425183,0.6173333333333333
88426201,0.8806666666666667
1644830999230860533,0
92982639,0.9166666666666666
1727637892349283777,0.9593333333333334
379519,0.8313333333333334
1170022248366062169,0.9566666666666667
59884671,0.7993333333333333
1262597610701301887,0.082
1253298897877985863,0.8406666666666667
1829280695982419259,0.498
59802655,0.4693333333333333
1576244986229371405,0.344
1916539189553449329,0.44666666666666666
1482321643118414473,0.302
1285333227479510313,0.808
101083263,0.9466666666666667
1380885935638247391,0.14266666666666666
1880108650922378411,0.798
78003317,0.007333333333333333
1470698105916972197,0.9433333333333334
97734995,0.618
48021421,0.828
1554798048344779685,0.8966666666666666
1976156681557892341,0
1761408902989768473,0.08266666666666667
54743057,0
1698710272199627885,0
1962121995892495835,1
2087622214183702795,0.3893333333333333
1369865821160246059,0.384
1400141941088928001,0.584
2064122999778313711,0.926
1889740828989316371,0.9806666666666667
1416321603918735915,0.48733333333333334
99975845,0.30546666666666666
101388983,0.013333333333333334
1884608692460097005,0.016
1107162730360313835,0.8813333333333333
7484903,0.8993333333333333
1913345251115680129,0.014
57128855,0.9233333333333333
107503935,0.89
1506282658775757635,0.7186666666666667
1124892254063034407,0.7853333333333333
1929268657423493309,0.7833333333333333
1963681597594211637,0.8866666666666667
36652247,0
72219169,0.233
2050458552673727517,0.948
1319290661355931705,0.7353333333333333
2091300819520761219,0.18933333333333333
23465491,0.05333333333333334
97467923,0.8646666666666667
1755123283781995239,0.7926666666666666
62422557,0.009333333333333334
97397397,0.30533333333333335
1237794213918192885,0.9093333333333333
2015016496992233359,0.212
1469814504615012897,0.054
1560863153943917865,0.4886666666666667
2085560302520178941,0.12333333333333334
2036333745961549733,0
1715839663547061869,6.666666666666666e-4
1460673562862964205,0.7853333333333333
68294317,0.5566666666666666
2021977628727988093,0.8873333333333333
1205508339309457271,0.478
1848364046406084269,0.40066666666666667
50384363,0.606
51722401,0.46066666666666667
53427709,0.12533333333333332
66726089,0.006
34765859,0
1658026891547124829,0.324
1961266260039951165,0.72
1469742376143629917,0
1773953,0.9773333333333334
92564103,0.9413333333333334
75060803,0.16533333333333333
50128907,0.7753333333333333
81556481,0.648
14721339,0.7006666666666667
56305243,0.3728
2050453117129988501,0
1465479904552858371,0.7866666666666666
13934861,0.48733333333333334
99134617,0.5926666666666667
42976329,0.19333333333333333
1936786043207979241,0.806
1923282279498473869,0.9206666666666666
1270958731531094937,0.002
1482849449846810673,0.9726666666666667
1998488022940675517,0.07466666666666667
1379735480286332191,0.354
13426379,0.6506666666666666
79306609,0.5893333333333334
1543666286505696671,0.202
14740367,0.8353333333333334
43442399,0
2089168402158388599,0.007333333333333333
60793557,0.7586666666666667
63554981,0
77081249,0.726
26976059,0.04666666666666667
2069976449864921121,0.9253333333333333
1911517755012310801,0.019333333333333334
1762387574819397409,0.8006666666666666
1197504137536824043,0.03866666666666667
38527425,0.9453333333333334
38088985,0.12666666666666668
1588538254230559559,0.56466666666666665
99190803,0.12733333333333333
90849125,0.06666666666666667
107701685,0.908
105546681,0.012
1921611713224932097,0.87
103122013,0.008
70119945,0.6666666666666666
1186875210373139693,0.8426666666666667
1597342592393696637,1
78210435,0
50465225,0.12866666666666668
1888248623781643581,0
76180707,0.006666666666666667
24668647,0.936
102425309,0.8293333333333334
1989857231223723255,0.15266666666666667
53983475,0.39
45973085,0.9673333333333334
1776825925143000091,0.9533333333333334
1656696830639432363,0.23733333333333334
17906637,0.9233333333333333
1967849621317998815,0.6146666666666667
2048058525064153647,0.0026666666666666666
1908581730842913907,0.7513333333333333
104084961,0.07733333333333334
65148971,0
2052075771395229809,0.9133333333333333
1875952200841583763,0.9486666666666667
1165843335811344369,0.9253333333333333
49242265,0.98
1233135587885737585,0.89
90970655,0.682
30021445,0
107024527,0.9706666666666667
1783147406880952725,0.962
105329413,0.9033333333333333
104515905,0.5346666666666666
1694213690945612943,0.7166666666666667
1107155378248413589,0.006666666666666667
1578215023708554097,0.7433333333333333
1211703889168440847,0.0013333333333333333
101355075,0.982
1704245411433214699,0.6493333333333333
1341800572565092989,0.06133333333333333
45654439,0.6733333333333333
13725969,0.186
1322670611189027615,0.16
3108743,0.0026666666666666666
1620233367347234317,0.004
1349568258313907083,0.0026666666666666666
51001231,0.5446666666666666
1996057829971638163,0.15733333333333333
1340437613903998099,0.04133333333333333
1752920738414523251,0.9233333333333333
1330623046940826707,0
1316990262878514963,0.0013333333333333333
1313211910955631061,0.0033333333333333335
1985631444208472629,0.428
41894343,0.896
75142607,0.05533333333333333
88945687,0.804
1800546169959181631,0.994
2059582488896213881,0.05733333333333333
1623239742094369067,0.126
1393413684065025743,0.896
32976677,0.8153333333333334
1640353803466166515,0.10933333333333334
2046952125333336647,0.82
1372280748409441447,0.966
24536575,0.014
33432163,0.007333333333333333
97222823,0.34933333333333333
68448751,0.09
48973313,0.8473333333333334
1891781299784710675,0
1847600385072536175,0.8866666666666667
2037483310834978407,0.732
1794730306995345583,0.32133333333333336
40024607,0.3
95096349,0.988
1929409320993753437,0.23266666666666666
1252385048746296813,0.6586666666666666
1890514501157017655,0.7753333333333333
1810108687284469253,0.006
1817639294312787445,0.022
58241399,0.588
1962368598545965725,0.9786666666666667
68644901,1
31542949,0
84696471,0.152
1950600828319279125,0.992
16197751,0.844
47366251,0.23466666666666666
82600753,0.902
1465411572107687219,0.19666666666666666
90736843,0.8473333333333334
9461471,0.228
86828199,0.38333333333333336
104111797,0.38066666666666665
106332859,0.38466666666666666
104048385,0.596
35662027,0
96001589,0.026
1169714239161670111,0.578
24897673,0.278
103462905,0.10933333333333334
100533379,0.8706666666666667
31489805,0
1657898464264551267,0.32466666666666666
76262025,0.228
1779419878585071567,0.9046666666666666
69891087,0.576
1447844326564007511,0.9993333333333333
1814529086056695915,0.08777777777777777
1399855515036455983,0.5486666666666666
104518499,0.9386666666666666
1960781226116243829,0.016
1323008496314942999,0.0013333333333333333
43719893,0.1
2922779,0.5553333333333333
69245433,0.7613333333333333
92833615,0
1553440427563476941,0.964
1656835720680360151,0.342
1665413251226181513,0.5586666666666666
15978791,0.05533333333333333
97909611,0
43211801,0.044
1145157575599050183,0.9946666666666667
106993667,0.188
2040525004163224915,0.8826666666666667
1133305407174290387,0.31533333333333335
1923508053593405065,0
88413179,0.5093333333333333
1250835807337726817,0
1886762930853175397,0.6546666666666666
2082541169353101257,0.288
69429321,0.9013333333333333
2050455254123229439,0.62
1479138669495161701,0.076
2081413632172269999,0
103822457,0.104
73617347,0.226
1120829381923722525,0.22733333333333333
1720390999250946747,6.666666666666666e-4
51841439,0.05
92971049,0.24133333333333334
1562132085471474607,0.0013333333333333333
96559843,0.13733333333333334
16547279,0.9826666666666667
92935635,0
1247876500740013687,0.01
54616417,0.7773333333333333
1585081578316885159,0.7806666666666666
72470997,0.852
1504756196723651173,0.262
2028080864879689739,0.06933333333333333
1230101817040642139,0.2906666666666667
94668747,0.15333333333333332
84469631,0.8013333333333333
30433687,0.92
85903457,0.158
1763516964774211769,0.222
83610211,0.30933333333333335
48478043,0.9646666666666667
1833039394431549411,0.2806666666666667
1707221481049698103,0.2886666666666667
1812175181742403523,0.8166666666666667
58210715,0.04533333333333334
96495295,0.31733333333333336
1757786942422278197,0.162
80627419,0.16333333333333333
69068757,0.5733333333333334
2050452911597164265,0.22533333333333333
55277439,0.734
96457015,0.004
2036707387939298359,0
1781694108105019331,0.3506666666666667
73545059,0.824
1343286477605867869,0.5373333333333333
82092915,0
1839404156952206255,0.008
2015123403769023111,0.9173333333333333
1549235826489697197,0.07666666666666666
1775842396873830725,0.978
102901071,0.9513333333333334
1913262345665060391,0.642
66334529,0.16266666666666665
1484096192101149355,0.8666666666666667
93840681,0.9926666666666667
72703711,0.14
71891139,0.214
2017276363161817141,0
96234703,0.6166666666666667
47006397,0.36333333333333334
74547747,0.536
1673564388131444431,0.082
1332766957497319947,0.30266666666666664
1971666164259999649,0.672
1267054947065003427,0.23666666666666666
22952055,0.822
65630759,0.8753333333333333
1595724549293844819,0.9086666666666666
1298289407951679543,0
103152185,0.048
1988690939518312001,0.8386666666666667
1645443907640593785,0.07533333333333334
80403115,0.8693333333333333
101133139,0.01
2016348705552369239,0.552
102577369,0.928
76417929,0.22666666666666666
40363783,0.8406666666666667
1363618027033296879,0.9573333333333334
1289461002513936691,0.9393333333333334
1932297609689065167,0.9306666666666666
69864159,0.446
101744119,0.5653333333333334
26747871,0.8793333333333333
51088115,0.018
1901946899606647705,0.4266666666666667
44793929,0.014666666666666666
62306781,0.936
105837123,0.33866666666666667
1859710555794539205,0.922
58105099,0.764
1704250717524594535,0.912
80838815,0.89
1544044085635367239,0.34
68277999,0.674
104965559,0.8293333333333334
2036730905481168405,0.12866666666666668
1369208531436105535,0.6893333333333334
1731774928080056207,0.33
45541435,0.7266666666666667
1927704588878100315,0.9326666666666666
1439613570567023841,0.78
105532263,0.23066666666666666
1757800896124305007,0
28170521,0.042
1423526565167790771,0.19333333333333333
63756319,0
82783825,0.20466666666666666
37375661,0.9206666666666666
1603490141207613199,0.846
104671541,0.048
38908673,0.826
1847430735884578547,0.6617777777777778
1195566197683742755,0.36666666666666664
50370889,0.009333333333333334
99467373,0.32466666666666666
14779169,0.304
1771575178377809383,0.5833333333333334
89133431,0.696
1598943463170062611,0.086
1775299052058413313,0.8813333333333333
1431575093559040081,0.10066666666666667
46152053,0.15
62390059,0.6626666666666666
49833225,0.782
39345607,0.11333333333333333
1826981103059882705,0.9653333333333334
108322555,0.426
1130601711536179833,0.4866666666666667
2009312503101020359,0
1244480196720949251,0.6213333333333333
107084323,0.30733333333333335
1433081125824950901,0.9186666666666666
37017925,0.17066666666666666
25087363,0.7686666666666667
1472229099942710325,0
1127792101840311319,0.276
57728481,0
1607149618752594489,0.8106666666666666
97424005,0
1362460373625061663,0.23733333333333334
1826988210768403021,0.26666666666666666
1950814321265682087,0.7333333333333333
2017409398466135421,0.8
1103423764056670355,1
65453959,0.43666666666666665
1314896932807523179,0.14866666666666667
54260725,0.966
1804754132471234913,0.14266666666666666
1452629,0.0013333333333333333
1678515883076905993,0.504
11075241,0.9486666666666667
103100649,0.042
1276017301020969979,0.7513333333333333
1644705722557309375,0.8593333333333333
69296279,0.24733333333333332
1919142675350267183,0.23
1764116811647801539,0.8086666666666666
1760999442623263107,0.004
1994307432693742917,0.24266666666666667
1820148057141311639,0.9186666666666666
1848371498246524417,0.23733333333333334
1401513763144246165,0.6526666666666666
1682941692450952335,0.9753333333333334
84791067,0
1634595618098630289,0
1859514550026115867,0.05
8486495,0.698
108170387,0.08933333333333333
1439169571582414513,0.2613333333333333
97728009,0.8886666666666667
1176455666015273951,0.982
1454545453394477063,1
1525612018898375783,0.8693333333333333
1280068285920955173,0.06433333333333334
95782597,0.9433333333333334
70841483,0.306
1571039615644184481,0.478
40152275,0.9953333333333333
1176900642822020333,0.6646666666666666
96932625,0.8173333333333334
104416051,0.6886666666666666
52857413,0.029333333333333333
100538121,0.3506666666666667
12976169,0.06466666666666666
1469425010680190743,0.926
106940389,0
41301027,0.9366666666666666
2039447062699252037,0.04533333333333334
93283183,0.142
71460137,0.8673333333333333
1658054956322253759,0.009333333333333334
38493769,0.31066666666666665
105774445,0.8526666666666667
1912010027570137611,0.624
1958234375582392951,0.43013333333333337
1429285749922707153,0.08266666666666667
1363616587357372241,0.584
1510313051113221365,0
108169349,0.074
1090026504924117115,0.8193333333333334
86973071,0
1134781700827923713,0.9246666666666666
1242472631306949305,0.854
2052059846156494593,0.586
97810903,0.27266666666666667
1433075781802532567,0.092
1233108543213007853,0
1704563714061584155,0.388
51024331,0.96
1400125850851960301,0
91624953,0.05466666666666667
73105283,0
43392805,0.21466666666666667
1967875656212880261,0.85
1602623734975011019,0
1316348086013616261,0.7446666666666667
106136649,0
1864990256028146391,0.81466666666666665
10371457,0.6661333333333334
105448469,0.4033333333333333
1172992081824080721,0.08266666666666667
1907012814811042827,6.666666666666666e-4
1826980561628277397,0.42
1530757798639659367,0.7493333333333333
31516989,0.042
1125794795583927271,0.038
1298247088643907481,0.032
1967671139469342675,0.10466666666666667
83512613,0.51
1178047417873673639,0.89
1594733337613384095,0.206
68086037,0.242
1252634549489497437,0.07066666666666667
1905609884283576149,0.44733333333333336
1238882018639868423,0.7993333333333333
49730621,0.43
87001197,0.6433333333333333
85841509,0.19
1665539629133480377,0.034
1199710237607637507,0.598
105922771,0
72472695,0.204
64096421,0.116
26154517,0.14666666666666667
50467473,0.172
98511783,0.8106666666666666
2091489142384233619,0.8906666666666667
51617543,0.31466666666666665
1916353781075383371,0.8253333333333334
83070859,0.0033333333333333335
88270037,0.06
81238775,0.6926666666666667
71853421,0.2663333333333333
6535681,0.7993333333333333
1699889519683961439,0.14066666666666666
1904729557225013485,0.9586666666666667
73885359,0.8786666666666667
1950804666508339515,0.25666666666666665
2087494419924529979,0.7153333333333334
1495404667999434031,0
1206056536415550019,0
77818157,0.037333333333333336
28394973,0.21933333333333332
45504419,0.83
1646210434526934925,0.5373333333333333
99177149,0.8573333333333333
1623074540934027453,0
1888196858428733887,0.7206666666666667
104224547,0
1260973064804361213,0.6
30022175,0.32
1865089516698372639,0.6953333333333334
1708741821018501081,0
1940729760305372743,0.104
1936639542735164759,0.8966666666666666
108220865,0.7473333333333333
54979467,0.166
108682693,0.234
1513123032818693827,0
75732197,0.5066666666666667
1656745226291931663,0.10866666666666666
13057811,0.8026666666666666
87797679,0
80121467,0.9466666666666667
103563395,0.9013333333333333
99265943,0.8133333333333334
102425345,0.043333333333333335
96269989,0.7366666666666667
74742205,0.9546666666666667
1562372128068226739,0.15333333333333332
13794033,0.07866666666666666
1185630042611904791,0.79
1234501067863486097,0
55780503,0.7493333333333333
1341920355505317163,0.2906666666666667
78151189,0.9226666666666666
36690007,0.9993333333333333
106990845,0.027333333333333334
2079724799247724073,0.16266666666666665
1681363023685173139,0.04133333333333333
83677387,0.9413333333333334
1565353662408671265,6.666666666666666e-4
1253309829322708427,0.14933333333333335
1361654488723627453,0.44066666666666665
39888151,0.49
1302868906395052187,0.5253333333333333
1460984955006428351,0.7766666666666666
84071265,0.014666666666666666
83137141,0.9526666666666667
76261545,0.13533333333333333
45196501,0.154
1817540016329032355,0.9286666666666666
88227111,0.9753333333333334
1614467343059318223,0.9913333333333333
78218225,0.03666666666666667
62604919,0
1134750871048353599,0.06733333333333333
49263543,0.5573333333333333
1284424294468866547,0.044
35665413,0
2093511198368652361,0.886
71156079,0.82
1692644217480547283,0.10866666666666666
52469021,0.01
6617265,0.134
73771045,0.5573333333333333
79011263,0.7486666666666667
36154285,0.8293333333333334
102482163,0
90970503,0.658
100564845,0.76
106046683,0.9313333333333333
95495337,0.16533333333333333
1259502626944307507,0.36133333333333334
1097212617046957195,0.11333333333333333
1297524440194459013,0.212
1503568140013690919,0.902
1882462388859604635,0.006666666666666667
43105947,0.04466666666666667
66305069,0.9993333333333333
75885199,0
1631146581389881169,0.04533333333333334
2088725127048962743,0.042666666666666665
1132304273896196405,0.6433333333333333
1347979299849490855,0.44866666666666666
108192859,0.9473333333333334
1231700111621129591,0.9573333333333334
1932183388833105109,0.682
53511823,0.264
1183081482818656135,0.7646666666666667
20201371,0.008
12130513,0.9773333333333334
11075243,0.03333333333333333
2072615092200259499,0.07533333333333334
1493236316013063113,0.002
65337407,0.027333333333333334
80982159,0.8593333333333333
1808752900330771591,0.04133333333333333
1335897915368142231,6.666666666666666e-4
2083988240695140815,0
96027459,0.26466666666666666
1821735927424694983,0.048666666666666664
1926663105946887225,0.20133333333333334
1346577095029030445,0.454
106986115,0.22133333333333333
92982699,0.22
88252547,0.14133333333333334
72125915,0
2029081677958236345,0.9693333333333334
1601552845891516303,0.484
1229305640895041447,0.9673333333333334
1646087572084860147,0
1944083760363120747,0.014666666666666666
107260207,0.13866666666666666
1818737286404029865,0.8026666666666666
1489766325281258039,0.034
91728539,0
1481233856607263653,0.011333333333333334
1660081316743889517,0.016666666666666666
1371290694950450725,0.8886666666666667
1936503130485927613,0
87753953,0.076
1345222612885051655,0.396
21994327,0.6626666666666666
92164499,0.3353333333333333
1886701377074096705,0.5806666666666667
1610611067720780075,0.7006666666666667
34139971,1
1124388664021043473,0
1773350136258005249,0
1687043767510622945,0
106454925,0.8926666666666667
1460591242740294309,0
4645,0.43
44779413,0.016
1697647009129507877,0
1966292452008987197,0.7026666666666667
104718183,0.208
1846611425070546039,0.302
1806947079231610435,0.6226666666666667
1105700568070656885,0.08666666666666667
106958571,0.8226666666666667
1810124289920478609,6.666666666666666e-4
1400438441695808515,0.6873333333333334
1453034034418414269,0.29333333333333333
1686806932121258069,0
44796313,0
102056805,0.23866666666666667
1586988116917490601,0.894
1825938334320500813,0.758
96397475,0.978
1347906511077392867,0.014
83772309,0.017333333333333333
1310206153023479653,0.12266666666666666
76199007,0.9273333333333333
1653818822174779723,0.7033333333333334
1742590336061294639,0.3973333333333333
1391127349479789171,0
92590205,0.9026666666666666
1429217929224959503,0.9166666666666666
4207849,0.28
38849497,0.8553333333333333
13986719,0
102235993,0.7826666666666666
1299949887830317355,0.11266666666666666
1949457366368937135,0.32666666666666666
54260325,0.13
1798584033815182731,0.776
46976797,0.088
96559731,0.8186666666666667
1937597304880142937,0.384
97259965,0.005333333333333333
1333747683741356407,0.5493333333333333
1480809106739180107,0.6586666666666666
108232747,0.38866666666666666
25368203,0
59855329,0.152
107182559,0.029333333333333333
77350633,0.092
1298930946784068891,0.058666666666666666
1342484516129447849,0.9866666666666667
100063681,1
51573831,0.818
1624995503481597305,0
108676055,0.027333333333333334
1522143044846137527,0.9653333333333334
1129370858328648093,0.9793333333333333
1885441348916553679,0.14533333333333334
27945789,0.032
414313,0.5426666666666666
77493709,0.4646666666666667
1896771066133209763,0
46245061,0.9693333333333334
32105435,0
1999980506270840857,0.017333333333333333
98483501,0
1656748258720625557,0.5
2042653793154846559,0.9466666666666667
86716495,0
102926985,0.6746666666666666
1778585820019700853,0.9673333333333334
101741501,0
1184122832602455429,0.9853333333333333
1885653108750182563,0.23133333333333334
2050455354704860721,0.262
84151971,0.23
1505691162368442513,0.8233333333333334
42504947,0.6133333333333333
1911347263835712417,0
91905081,0.09266666666666666
1272551364024264835,0.5113333333333333
1858191654759217605,0.524
98901009,0.42933333333333334
15812559,0.9613333333333334
2071718681821312443,0.7073333333333334
1191896587023322455,0.06466666666666666
53784219,0.2753333333333333
1893124449256688197,0.016
59213453,0.18733333333333332
2017495986529931423,0.7306666666666667
22291157,0.5606666666666666
25913219,0.7406666666666667
100425337,0
1355029361799109791,0.08733333333333333
1494010082676489173,0.304
1898396969515567737,0.8333333333333334
1934997553808375483,0.642
61997153,0.09
1489217179236542905,0
37836045,0
1303451788420128907,0.06213333333333333
106868543,0.2966666666666667
47180403,0.17533333333333334
1489778358906376713,0.8606666666666667
1817953679541836963,0.31866666666666665
83493255,0.49066666666666664
61438047,0.502
1764966899618716371,0.894
66983543,0.6313333333333333
1987316641787806573,0.14266666666666666
71854015,0
36929237,0.6773333333333333
1101703133669829089,0.276
99159467,0.54
78035363,0.3526666666666667
77958585,0.08466666666666667
2052443263773288391,0
54339277,0.18866666666666668
64297797,0.966
108154205,0
90989123,0.8453333333333334
76183077,0.944
82962203,0.752
1143429306007165951,0.4826666666666667
92825407,0.12133333333333333
1434118248780589601,0.7993333333333333
69562243,0.10533333333333333
1911260858574320205,0.096
41637521,0.9186666666666666
1598969878674607455,0.2693333333333333
71363461,0.41
1282958269481184701,0.059333333333333335
80700413,0.004
1220416933656763797,0.5053333333333333
1153311069651171035,0
2054068201080213475,0.8093333333333333
59761587,0.11266666666666666
2001277199250345571,0.9933333333333333
84790987,0.7773333333333333
1197279524710075159,0
1313108665444336723,0
90608351,0.188
99466097,0.08733333333333333
50912163,0.692
2050452682241498703,6.666666666666666e-4
1835432384932764259,0.6073333333333333
28143629,0.6026666666666667
100608847,0.23266666666666666
68607071,0
97614267,0.108
51349705,0.41
49387641,0.02266666666666667
1393008697226654635,0.7766666666666666
42105873,0.9593333333333334
1998429000824589885,0.9653333333333334
22415547,0.108
1772433556048777857,0.37933333333333336
1250199946453947895,0.806
100342047,0.23133333333333334
17405579,0
1371345645128514311,0.8893333333333333
1889908297082652041,0.738
1896899535368264711,0.994
36603049,0.023333333333333334
1439540298343102033,0.9993333333333333
1523134715571229627,0.7293333333333333
1810122136637027991,0.5333333333333333
7958647,0.9786666666666667
1410477776701279221,0.9833333333333333
78445851,0.7653333333333333
10462799,0.33866666666666667
41006393,0.23133333333333334
1451971214112724077,0.6506666666666666
2031959485794023189,0.7466666666666667
2068382616693363369,0.064
22293505,0.9313333333333333
1375269730287963643,0.1
1988245422015651441,0.5613333333333334
60243813,0.6566666666666666
1255873848848869861,0.592
99618791,0.24333333333333335
1144719658755775077,0.6613333333333333
1315989788180733951,0.45466666666666666
1985541611159066581,0.9706666666666667
83828483,0.972
1959002734443037029,0.07
64081193,0.7813333333333333
99377771,0.5606666666666666
2063367850953973765,0.11533333333333333
98451835,0
1268761731183906325,0.20866666666666667
42429219,0.426
1259810575232462537,0
2093186490784433247,0.096
1777454142987613463,0.04133333333333333
98348323,0.8246666666666667
1519811514615368925,0.7693333333333333
1775314750308592907,0.31533333333333335
1792024540892434209,0.032
1436467752711365519,0.06333333333333334
1897097301165605151,0.05533333333333333
1543720125155795371,0.738
2050457028954266719,0
1252575408396774163,0.08066666666666666
1178070410950452937,0.20733333333333334
94665579,0.6593333333333333
6137451,6.666666666666666e-4
1898274465914311003,0.8886666666666667
1423670903554626595,0.23133333333333334
67053967,0.736
12849739,0.76
106656067,0.026
2056386515059385517,0.782
1311219452610296417,0.918
86060707,0.008
41085915,0.09266666666666666
1560845347457453431,0.056666666666666664
104565785,0
2068387306726855709,0.9233333333333333
1463514392267401249,0.8026666666666666
1159212517812276971,0.3933333333333333
41519219,0.0033333333333333335
1984180202454617105,0.7386666666666667
1288608557029017649,0.11533333333333333
1381170861738000915,0.8773333333333333
74652701,0.19933333333333333
1817397029662378163,0.0026666666666666666
1501271452442630689,0.22466666666666665
12115693,0.2
106578963,0
101547165,0.03133333333333333
1677685681081769721,0.81466666666666665
1658087338309724413,0
73609805,0.9
1679793077686756817,0
1865097404095797737,0.9793333333333333
81501089,0.992
104105949,0.288
98032905,6.666666666666666e-4
15124491,0.16933333333333334
1623826971808250963,0.15
97107215,0.5386666666666666
105532239,0.906
31900897,0.7053333333333334
1337453454510491453,0.4033333333333333
31915423,0.9713333333333334
1289758363572502159,0.3651111111111111
31000295,6.666666666666666e-4
85941941,0
58315359,0.23466666666666666
1852219768264656505,0.25533333333333336
1628397032353062697,0.652
1292393391745136683,0.6013333333333334
1653595830739142907,0.268
1684622195790738839,0.8246666666666667
1231715945756646469,0.6373333333333333
53795121,0.7306666666666667
37044787,0.9993333333333333
97971031,0.014666666666666666
2082676941875436679,0.07266666666666667
39460143,0.2653333333333333
20561835,0.31266666666666665
1443089945284816371,0
2000324473405421123,0.9366666666666666
86997185,0.10666666666666667
1699801474017298433,0.25333333333333335
10812311,0
1143597323348200859,0
107032229,0.7206666666666667
1750938016433923661,0.04133333333333333
96360153,0
2061117756051828481,0.736
1978697412385956815,0
67996119,0
1212873000960394525,0
1298741460062265139,0.029333333333333333
58560147,0.9473333333333334
2000142855264765069,0.756
1502859005175592445,0.9006666666666666
86110553,0.12333333333333334
51791279,0.746
97127107,0.11133333333333334
1517644916462342043,0.9126666666666666
3518655,0.21333333333333335
1330598571825730191,0.302
107652261,0.72
1679385611383072803,0.11066666666666666
104491945,0.008666666666666666
83236363,0.32066666666666666
2081953211050906623,0
1411828981648886721,0.9853333333333333
1251013763614888107,0.25666666666666665
1821863987467776849,0.31933333333333336
1682940193371797115,0.8726666666666667
5664629,0.9186666666666666
1233364061935896681,0.21266666666666667
57225729,0.746
101586075,0.056666666666666664
1675273089627037261,0.05466666666666667
1810105661555349829,0.31533333333333335
1292773250460304669,0.42133333333333334
2009234462537414917,0.8793333333333333
1331391322845522011,1
1357652847669340937,0
1245211671981540619,0.8953333333333333
54621237,0.13733333333333334
1177705262780148623,0.9293333333333333
1675308002404668025,0.154
43103415,0.952
1754883707428777393,0.34777777777777774
96584199,0.13933333333333334
1940590852875760125,0.9973333333333333
54202313,0.5133333333333333
1239448718874507787,0.704
1923640156581288271,0.5313333333333333
1939512948758666567,0.368
107013529,0.22266666666666668
81559983,0.346
1393854244310093351,0.21466666666666667
1491805058883631721,0.6546666666666666
1545486737507989673,0.8706666666666667
66370109,0
42315349,0.888
1490982674192309359,0
1872480678059847149,0.5093333333333333
38000463,0.17755555555555558
2030812265632030353,0.19733333333333333
57022681,0.098
1442329687322469617,0.6661333333333334
1778726584437707107,0.732
1321413911329500497,0.032
143737,0.36933333333333335
1768164596536721217,0.03866666666666667
1736150487948964159,0.9466666666666667
2080188690822811787,0.23066666666666666
1936431272114783255,0
81694839,0.08066666666666666
1950077162292575189,0.538
1233120546626967163,0.564
47366911,0.752
77952213,0.23666666666666666
1755478943459825361,0.5813333333333334
1847581658002974047,0.6533333333333333
1812197147953741371,0
1957073695758531299,0.854
1382002426783939931,0.8886666666666667
1886809730149599101,0.9773333333333334
2050455457009075735,0.2564444444444445
79595281,0
91453203,0.016666666666666666
106832681,0.04933333333333333
99506705,0.9013333333333333
88945245,0.9966666666666667
96495655,0.41
100207395,0.2653333333333333
45893057,0.798
83417495,6.666666666666666e-4
102134227,1
20508849,0.8986666666666666
1845297533963166697,0.04933333333333333
66309023,0.316
61375555,0.7506666666666667
55169047,0.27066666666666667
43759083,0.15177777777777776
1810127410911002711,0.005333333333333333
1994753343800640415,0.7633333333333333
1103779991464931135,0.738
1679738251485212147,0.13533333333333333
88233841,0
1570859772952224189,0.3466666666666667
1485203788456303455,0.7593333333333333
19357887,0.7526666666666667
107168083,0.9326666666666666
2080586588140010271,0
61637539,0.04466666666666667
1334673958096925115,0.41333333333333333
34197819,0.002
99031525,0.22266666666666668
49789207,0.8573333333333333
100148573,0.005333333333333333
2050455046402705907,0.06466666666666666
85015911,0.174
1282930241743758537,0.7113333333333334
1926138493203869855,0.7506666666666667
47701421,0.8726666666666667
53549411,0.9153333333333333
108026947,0
2056471776195454081,0.03666666666666667
106367849,0.8106666666666666
1421666313575302077,0.36733333333333335
1758561365333387601,0.7093333333333334
39108307,0.8646666666666667
85591241,0.14066666666666666
98970203,0.44533333333333336
2072778388402258481,0
1408225895877220541,0.6356666666666667
1966785704406274643,0.146
24140321,0.42133333333333334
2047814274164716757,0.8373333333333334
2033696365650256707,0.7273333333333334
1536035597865691735,0
1239527155186894417,0.9826666666666667
31337929,0.241
73387127,0.008
60177681,0.02
49893903,0.21733333333333332
1908462591781443215,0.41333333333333333
1556793723226392707,0.18266666666666667
1316936702688383325,6.666666666666666e-4
13448587,0.11666666666666667
1816136096794378537,0.03133333333333333
1364126694756230505,0.93
1489963341339741783,0.30133333333333334
1910381268930602223,0.5233333333333333
1820517978568682861,0.0033333333333333335
67798461,0.8886666666666667
1359525835195653755,0.4686666666666667
1994250095506423357,0
1202583855532138087,0.8753333333333333
76437127,0.848
75730933,0.898
93837505,0.8026666666666666
1932151,0
1433080001302005677,0.634
1449121535290755349,0
2017075089485442899,0.72
1545522976321017899,0.5426666666666666
2068002206758252939,0.027333333333333334
26591391,0.9893333333333333
52592385,0.7526666666666667
100040195,0.5806666666666667
108504475,0.08066666666666666
97734141,0.952
107024667,0.14466666666666667
65338441,0.008
1795349701463932357,0.9146666666666666
1757843106255795951,0.8573333333333333
50382879,0.24066666666666667
2040230431730400563,0
103038729,0.7753333333333333
2089816249374148191,0.296
102778441,0.388
100276025,0.9626666666666667
107368877,0.009333333333333334
1382637258783881397,0.064
73388423,0.6926666666666667
83241421,1
105334541,0.4806666666666667
76133685,0
73206635,0.24066666666666667
55925361,0.25
1850105971829400467,0.9246666666666666
66818139,0.9766666666666667
1696653565773051815,0.8326666666666667
1218955765373650583,0.744
67881673,0.288
82483369,0.8633333333333333
91060847,0.79
90907247,0.974
102930761,0.26
1327339149276370187,0.9413333333333334
106991111,0.14466666666666667
1489871297897739463,0.002
1329143526650161219,0.9566666666666667
1416325124434122875,0.8106666666666666
1897096235918039599,0.4513333333333333
48821791,0
58742667,0.31466666666666665
40839791,0.276
1497505834836747147,0.9473333333333334
30645161,0.052
1488635503290278099,0.9726666666666667
1269225352655086821,0.9266666666666666
98553137,0.059333333333333335
2007227946063551613,0.7133333333333334
1358057914552437811,0.6346666666666667
17837809,0.862
1596070876868797553,0.108
1793245096848894365,0.848
95926215,0.262
1537358914303401013,0.438
92107797,0.11733333333333333
1871165119840338999,0.004666666666666667
1440838363122347941,0.76
1550982771722971489,0
91298301,0.10066666666666667
103483699,0.9386666666666666
1665758725485286823,0.15066666666666667
108769117,0.254
2000416426777918779,0.8206666666666667
92803847,0.134
1517814675441180079,0.586
1198709862504009669,0.04466666666666667
16363073,0
1911351389321389311,0.015333333333333332
106846635,0.15333333333333332
103880713,0.0013333333333333333
1234513108696566043,0.7006666666666667
52443559,0.6006666666666667
107886043,0.7733333333333333
17540641,0.876
1990153063987806173,0.9053333333333333
1252207135011546471,0.9246666666666666
41512737,0.9146666666666666
2081879954833432343,0.5673333333333334
1802881148610222281,0.416
1780223336922391061,0
25072431,0.9746666666666667
97878293,0.8966666666666666
37273201,0.9346666666666666
1924847501330527301,0
2029371532237852467,0.38066666666666665
1199706081666786187,0.39866666666666667
1688399799580921983,0.25666666666666665
1656446386863765541,0.112
70806183,0.818
2005711045880422093,0.09466666666666666
40470257,0.076
49832955,0.544
1701279789421239357,0.6686666666666666
1717406472266476933,0.076
1707223339010588843,0.7073333333333334
1846578474648644931,0.007333333333333333
1375401541524944753,0
17126885,0.36533333333333334
1814881304312169953,0.21888888888888888
1826485505864962285,6.666666666666666e-4
12773159,0.9966666666666667
1400280869309697669,0.968
100293581,0.654
2068393873157536359,0.30666666666666664
1316873514679433263,0
108313155,0
107038433,0
38037721,0.10133333333333333
1499668943328603889,0.9406666666666667
1704261003678388891,0.3913333333333333
2091788631775431449,0.7433333333333333
1777757144571400029,0.9046666666666666
1967884010925359891,0.20333333333333334
103102689,0.9173333333333333
1753801965568822709,0.8286666666666667
100498637,0.8266666666666667
50383441,0.6673333333333333
1444900723347673967,0.029333333333333333
1615750298446876501,0
75443849,0.8946666666666667
1091696527516985531,0.9966666666666667
1098222430890382137,0.984
1635293268473125679,0.578
1286564946548226057,0.716
45175921,0.322
1890994415146364805,0.198
1806162411273271887,0.008666666666666666
27242361,0.982
1474009080427944327,0.09066666666666667
89267093,0.594
1250870268000568103,0.12333333333333334
108786435,0.812
94655489,0.012
1472109561991440105,0.62
73206785,0.017333333333333333
1893897591738198357,0.44333333333333336
1888440112997971267,0.7006666666666667
1486815775102458991,0
1865103133325925729,0.036
1271375717611862891,0.9146666666666666
106323671,0.6153333333333333
1201344673151738123,0.882
1382632546437463077,0.3446666666666667
2081128161702166633,0.9326666666666666
108132707,0.03866666666666667
52276063,0.5393333333333333
42973503,0.02266666666666667
1957145680782156069,0.8773333333333333
23342253,0.39866666666666667
76985517,0.13
102470371,0.7466666666666667
17779031,0.036
42527519,0.8453333333333334
1975803744889283463,0.21133333333333335
1938319033223031941,0.09266666666666666
1960817115311230773,0.6326666666666667
99136013,0.14666666666666667
99465227,0.968
82910913,0.7766666666666666
81349065,0.304
91462775,0.6286666666666667
49345641,0
1814951997949531981,0.02
2052070150962662931,0
1794198674251965093,0.23933333333333334
1711356045027995559,0.982
92270281,0.13066666666666665
65869441,0.386
10410631,0.7193333333333334
1808837957542233977,0.23133333333333334
1645038312349202855,0.8526666666666667
58106163,0
36548195,6.666666666666666e-4
107901699,0.808
1252561648823006563,0.768
62177809,0.04466666666666667
68364339,0.7733333333333333
58785393,0.934
1728937785079403733,0.18466666666666667
88085161,0.27466666666666667
1798741259976834087,0.9793333333333333
1531433106428071771,0.010666666666666666
98348419,1
2050452797842762599,0.2813333333333333
2065438798107788827,0.394
91735291,0.106
1958309811068983873,0.912
1810123308404540145,0.988
1623197919524034713,0.02666666666666667
20262079,0.014666666666666666
1865430765635858559,0.18
1905559352769439001,0.9766666666666667
81463619,0.05533333333333333
2020515382218549989,0
1233163964265534019,0.5746666666666667
54127215,0.92
41202151,0.9686666666666667
79114521,0.8706666666666667
81442277,0.28933333333333333
1763002469514877925,0.948
98312327,0.924
74566967,0.5933333333333334
33513989,0.2966666666666667
34767823,0.2673333333333333
92759253,0.75
1384088910420188117,0.9906666666666667
30445031,0.002
2021252401904333967,0.36133333333333334
1313074406072867497,0.9966666666666667
1883932918534397793,0.7326666666666667
1999148593686959565,0.7093333333333334
91758241,0.6993333333333334
39969401,0.3570222222222222
40105947,0.95
35912627,0.934
1279840737813201351,0
1756632168985715115,0.5806666666666667
2052661542059280675,6.666666666666666e-4
58743501,0.934
83015377,0.104
1523118275670123157,0.16266666666666665
102540909,1
30228777,0.842
1116166370423962123,0.42333333333333334
1967856675471217413,0.09466666666666666
1404331738800118163,0.034666666666666665
43051773,0.15066666666666667
96481925,0.036
71146281,0.9926666666666667
53571695,0.22533333333333333
104806741,0.99
1521412052916265279,0.154
5038761,0.49933333333333335
13031211,0.094
106320657,0.422
1997200901845629613,0.346
1937606676456570969,0
2079773154867597905,0.5293333333333333
99159453,0.05466666666666667
105687241,0
1865201177571420013,0.030666666666666665
2079078054660940037,0.9993333333333333
1800055503572076237,0.406
2082540456684977913,0.16133333333333333
2010187760698557565,0.164
1431962576652131601,0.21066666666666667
44135061,0
1546429822325293535,0.03266666666666666
1725838385997506369,0.8646666666666667
1674259515073129691,0.3453333333333333
57607025,0.46266666666666667
1927689185877020775,0
1092714185526347767,0.16133333333333333
108387631,0.44733333333333336
3878811,0.16466666666666666
1653938237874498363,0.05333333333333334
78526183,0.8226666666666667
98720809,0.9526666666666667
34443441,0.416
92181493,0.17
34151647,0.11
1521970520674726001,0
108788499,0.148
2011687639689052915,0.8706666666666667
1687653331626719611,0.964
1645439320919101025,0.7686666666666667
79694711,0.24333333333333335
1180168700560288135,0.7273333333333334
1333447110590532411,0.0033333333333333335
1679881391029924909,0.7006666666666667
98346837,0.7593333333333333
1999834024058228263,0.536
99435627,0.058666666666666666
1229138501771440935,0.11133333333333334
78255457,0.9713333333333334
80816099,0.4653333333333333
17129321,0.04466666666666667
97483071,0.042
72351209,0.8706666666666667
1097251596751946881,0.8233333333333334
1347820416881449881,0.092
1962759801382429779,0.8106666666666666
10566447,0.6733333333333333
1704648883580217603,0.36133333333333334
2027933414653089053,6.666666666666666e-4
61818863,0.106
97625259,0.3313333333333333
102118161,0.866
2084581827196505221,0.092
54675783,0.6426666666666667
93968529,0.44733333333333336
95761121,0.5806666666666667
98959323,0.014666666666666666
79019359,0.23466666666666666
33646435,0.582
1314900878256801351,0.442
36182265,0.38333333333333336
1506068910045539567,0.7813333333333333
77413261,0.09333333333333334
98452365,0.11666666666666667
44529101,0.8953333333333333
90657587,0.029333333333333333
39904057,0.246
1211407459607573655,0.43333333333333335
1645307702025859215,0.954
87636699,0
1189544291301541257,0.05533333333333333
65278895,0.005333333333333333
76970449,0.7733333333333333
1728795548114849905,0.014666666666666666
35028081,6.666666666666666e-4
1510101755384862689,0.838
68549641,0.002
77811523,0.346
1130441682326060833,0.9993333333333333
1537256657495951685,0.048
1803171977440013377,0.8653333333333333
91980925,0.328
1125790159095803593,0.04533333333333334
19987569,0.9713333333333334
1998480685197672299,0.708
1229262968700873015,0
1810109303733847247,0.008
2050453320128628245,0.042666666666666665
1945378168403386423,0.014666666666666666
1592931530570255615,0.436
96642155,0.9513333333333334
1817491522373576625,0.9073333333333333
1794798940225312641,0.744
95653655,0.25333333333333335
98500121,0.9986666666666667
96686793,0
1382644096211799825,0.012666666666666666
100024629,0.8306666666666667
35275955,0.7673333333333333
37956251,0
108299563,0.14266666666666666
5687961,0.8626666666666667
1542634194829394485,0.016
1717213176517865387,0.336
72530203,0.174
1368328397067871271,0.192
1257978856759302907,0.008
1379065224103092379,0
81767267,0.8786666666666667
59754045,0.8293333333333334
27312513,0.4826666666666667
106149265,0.14533333333333334
1910344219318188397,0.010666666666666666
2010424390079311089,0.04
2045159041683609755,0.066
74669049,0.34933333333333333
69370531,0.682
53922423,0.8646666666666667
1751165601000626787,0.9586666666666667
1975749970321602869,0.596
93450041,0.21866666666666668
1760581918801751761,0
2371375,0.008
1572596728621408515,0.8686666666666667
1376911961621078641,0.982
1994716780182575237,0.8766666666666667
100577213,0.6933333333333334
2039823230530224029,0
1818226849970241293,0.9646666666666667
1363537105470546635,0.6133333333333333
100583473,0.4126666666666667
107766901,0.25666666666666665
1594353338894302603,0.8093333333333333
1632022538500177095,0.6646666666666666
1098216498476836243,0.8566666666666667
108818063,0.528
1440245426419492705,0.9146666666666666
1729055284118897723,0.89
1435471604074481971,0.5993333333333334
107038109,0.05333333333333334
1888248376047731577,0.002
1681770749117864217,0
1140467305993429863,0.9273333333333333
5462281,0.8053333333333333
49769915,0.012666666666666666
1386561332896369315,0
19273923,0.8506666666666667
1859680476605353983,0.15933333333333333
1879591633245045847,0.374
1868364309265865127,0.7893333333333333
64935091,0.6886666666666666
100280687,0.008666666666666666
1583145256500180573,0.148
77500101,0.926
1824380671048498999,0.89
2037872597987469639,0.9246666666666666
1929104005671031457,0.12066666666666667
1986785186590698533,0.25866666666666666
1416267347694518595,0.914
1150363337612944835,0
73454269,0.09
85486187,0.384
36448293,0.93533333333333335
66142389,0.32666666666666666
1920359863257944265,0.998
14254323,0.784
2054307409555682257,0.352
1328933031147619003,0.8466666666666667
96788119,0.04666666666666667
2007377934724558269,0.7826666666666666
46246193,0.14866666666666667
35813529,0.8593333333333333
102718187,0.9973333333333333
1494743204477059403,0.07066666666666667
1308815283694540193,0.3273333333333333
21767,0
1448134904508140339,0.9553333333333334
1531716540583948113,0.08466666666666667
1694600170424844243,0.9713333333333334
39518249,0
1994027265414962893,0.13333333333333333
1377951560204020047,0.21333333333333335
1433237969636485539,0.278
17471685,0.282
1575646775606882971,0.4631111111111111
1260396168141458757,0.4186666666666667
63252691,0.49533333333333335
79974825,0
1316946069983828387,0.19533333333333333
1765304413782303013,0.32
1762717241751953927,0.3933333333333333
32104919,0.5353333333333333
51111129,0.154
1470711180569701351,0.884
1746319316440984431,0.928
1368957518841723941,0.030666666666666665
92982741,0.7326666666666667
1238176186771431719,0.96
1471149829576738511,0.21733333333333332
1438953700351733619,0.924
2023095345218112361,0.326
1411182255145866875,0.548
87534883,0.21733333333333332
1900091858339783955,0.292
30324411,0
1757165021894527101,0.9833333333333333
93768503,0.37666666666666665
82109167,0.124
1865375637982505021,0.8026666666666666
1927709448581870459,0.9653333333333334
2027923430274835941,0.15066666666666667
67897557,0.9186666666666666
1906428004314313731,0.182
82394077,0
99886183,0.49866666666666665
95808925,0
81368029,0.02
1313049206702559695,0.05266666666666667
1900036578795680307,0.9473333333333334
1922145435772037039,0.672
1570860335433538523,0.782
1956396321351270485,0.0033333333333333335
61860271,0.384
41379447,1
5129233,0.7026666666666667
1562319593083983309,0.866
1236734507423346569,0.988
98955275,6.666666666666666e-4
1798509945897296585,0.4686666666666667
1727321983685088617,0.010666666666666666
76458497,0.9966666666666667
1810127160434209361,0.7493333333333333
73664597,0.04133333333333333
105277133,0
1809150270073211211,0.772
1704220953022981649,0.05733333333333333
1800709441758043113,0.03866666666666667
68553155,0.934
94105511,0.424
1607505732365706055,0.134
1927713805416940075,0.2866666666666667
1926054755090260721,0.764
30432329,0.878
27312185,0.33
31909041,0.77
1330472108362006783,0.4166666666666667
1207766609309727735,0.132
41841903,0.09866666666666667
1556376229288877375,0.037333333333333336
7924021,0.968
84194165,0.03666666666666667
98003029,0.592
104239661,0
2060351875696240043,0.8286666666666667
1410458615455104855,0
2084539738527573867,0.5986666666666667
1799803868387839037,0
1449308882308353105,0.16
98895211,0.9233333333333333
1782849126216701235,0.786
1458843783135360425,0.14333333333333334
1754608614691160827,0
1823767188889259727,0.722
106454959,0
85133301,0.9873333333333333
1381381480727246867,0.192
1242480693051631857,0.9506666666666667
2072420118404321893,0.45266666666666666
78118061,0.6266666666666667
1292887077737269109,0
62712243,0.9873333333333333
1293114833095824647,0.7773333333333333
86298223,0.388
1106384085319794903,0.9313333333333333
52648071,0.6833333333333333
1848364187796078163,0.015333333333333332
2050450764157215549,0.5846666666666667
18099605,0.5926666666666667
42220293,0
68674953,0.015333333333333332
55566757,0.078
79597757,0.596
1299975939817864987,0.06333333333333334
58963125,0.434
1155025381936890865,0.6686666666666666
1125791018197268721,0.24077777777777779
1636085031956982067,0.9806666666666667
52267853,0.2986666666666667
8914199,0.9233333333333333
1686057288972521209,0.826
103679713,0
1879769863894874491,0.24666666666666667
40529113,0.018666666666666668
1605773677809583379,0.9293333333333333
1971951790748516869,0.36533333333333334
98924787,0.42933333333333334
70461107,0
1581767156760616803,0.007333333333333333
56811819,0.25866666666666666
1292773294164753159,0.44866666666666666
1924991642510723169,0.024666666666666667
2081448606536263075,0
25743505,0.9786666666666667
1633528128410989489,0.07866666666666666
48680747,0.011333333333333334
1799141715717933883,0.5906666666666667
1986208020507322925,0.258
99465605,0.9966666666666667
103455025,0.04133333333333333
28116763,0.012
92665295,0.144
55609695,0.5733333333333334
1607083063575637767,0.96
1348433248904080903,1
2005941710331701155,0.18
44091789,0.0026666666666666666
2088896111072973581,0.514
1137521528196799321,0.8206666666666667
1751627604992528793,0.992
2023599859950992193,0.9366666666666666
108154131,0.002
1834794954083614475,0.2643333333333333
11867221,0.434
88095269,0.8653333333333333
12748577,0.13
1950683658156667925,0.6093333333333333
15299501,0
71035407,0.034666666666666665
100208805,0.148
28283599,0
1124904569034675919,0.4126666666666667
90345747,0.306
17486167,0
84721927,0.03933333333333333
98037149,0
103105201,0.01
1788547268703925203,0.068
55168749,0.021333333333333333
1707099695171682589,0.0013333333333333333
1881285705003705795,0.56466666666666665
83823435,0.5366666666666666
67290373,0.37333333333333335
1903166050787074873,0.25
41281017,0.07466666666666667
102384513,0.134
89071497,0.004
1675302547068528995,0.9246666666666666
31822081,0.9146666666666666
13472833,0.8566666666666667
69889599,0.8853333333333333
1337916777461611589,0.025333333333333333
94263083,0.056666666666666664
1423084991333779575,0.6886666666666666
2010049581562962477,0.7873333333333333
98502039,0.09866666666666667
1165669794826135339,0.7293333333333333
2081903986766271483,0
1913887937597026351,0.09933333333333333
102469755,0.9053333333333333
2061112783516879909,0.09
59410007,0.9853333333333333
2050450882603007773,0.384
1664166813805308919,0.31866666666666665
90608783,0.724
83760617,0.5713333333333334
90658477,0.0013333333333333333
1185770315250247261,0.5066666666666667
65725793,0.866
1879375056649393157,0.9766666666666667
414579,0.07933333333333334
1764425299388268703,0.086
1810105456523954087,0.042
1919425594656084449,0.24533333333333332
22411415,0.6806666666666666
1257711749104398409,0.6753333333333333
41725753,0.7593333333333333
1211346927449256907,0.872
1562481223304739153,0.11533333333333333
78005093,0.0013333333333333333
1521941233066000915,0.4093333333333333
96798783,0
49889647,0.7946666666666666
1999062237049810539,0.5673333333333334
1839549582831986245,0.5706666666666667
1625177396427920165,0
1408531353829681435,0.882
42056123,0.39866666666666667
72473269,0.10866666666666666
1174289650866563203,0.21133333333333335
24077491,0.6006666666666667
34383791,0.36
1402300142076950163,0.7886666666666666
85133233,0.3433333333333333
1300329302620065929,0.8466666666666667
1165883526900758329,0.9066666666666666
1611199677854913253,0.8693333333333333
58825967,0
2091589094624656287,0.9046666666666666
1755514190923257627,0.035333333333333335
2091783281557778939,0.11333333333333333
1714708359947978265,0.486
29549389,0.352
42509193,0.08266666666666667
2078929295314034201,0.006
1967862453702028587,0.8926666666666667
579255,0.8306666666666667
101616401,0.5246666666666666
91737717,0.7693333333333333
1993170593543400403,0.6546666666666666
91024051,0.7633333333333333
105572025,0
1269464669032201709,0.7793333333333333
1801561305876020919,0.10666666666666667
1982170724252175597,0
102581093,0.06866666666666667
108354207,6.666666666666666e-4
100164579,0.18933333333333333
78309145,0.4206666666666667
1604829221513751443,0.114
1320835401870707747,0.8346666666666667
19177875,0.98
1274326558619623477,6.666666666666666e-4
105784509,0.868
1362680151562902677,0.9473333333333334
1479137506245080835,0.8986666666666666
1142278018918299069,0.64
75825001,0.982
1587487627577075353,0
84362145,0.06333333333333334
59404075,0.254
88171645,0.024
100393677,0.36466666666666664
1463839400487833963,0.025333333333333333
1753425302582522849,0.304
1832235502128124963,0.6426666666666667
1133883802924095389,0.12266666666666666
99255927,0.8633333333333333
1307732337830484793,0.8046666666666666
105753909,0.009333333333333334
91584567,0.03266666666666666
77287939,0.005333333333333333
77209479,0.108
1658193863755740755,0.49466666666666664
1585485836020064315,0
100354821,0
1592447139799828853,0.2713333333333333
1878908863026201725,0.23333333333333334
99694055,0.9606666666666667
100230331,0.12733333333333333
1717161760051994777,0.2806666666666667
1529186282342520045,0.036
49263329,0.136
1886636694293338233,0.7766666666666666
83624347,0.17933333333333334
1474825624428782603,0.704
78254771,0.9006666666666666
85133285,0.926
97211999,0.004666666666666667
1895546398555790283,0.068
1644790822754094053,0.30533333333333335
78678461,0.036
1631876340053729129,0.38333333333333336
1710752406789670107,0.9506666666666667
1199715275001040775,0.2786666666666667
1513139427188625551,0.14666666666666667
2010872130736038647,0.602
2080306463530131315,0.18533333333333332
77741409,0.6293333333333333
1309504737039248173,0.868
1810109140692305975,0.926
1749696710459318381,0
105962483,0.028666666666666667
94108383,0
106418305,0.22933333333333333
1725849207962120491,0.882
1145060287240416911,0.17
50138265,0.9033333333333333
1516144446661552913,0.73
57622151,0
86392989,0.9693333333333334
1395656426474096203,0.9746666666666667
1862847502648866103,0
13707253,0.0026666666666666666
60955487,0.17733333333333334
1846648569483078483,0.3273333333333333
42079121,0.6126666666666667
71538953,0.356
1875051875710889371,0.2813333333333333
100669055,0.228
95480165,0.26866666666666666
1330271893345639075,0.9826666666666667
105232291,0.9693333333333334
69548217,0.0013333333333333333
62881211,0.3413333333333333
929039,0.04466666666666667
1417400512950706487,0.14066666666666666
2050453645088250297,0.714
1825044027007072457,0.7313333333333333
61107597,0.31666666666666665
1238849297513280159,0.526
97733311,0.3933333333333333
1611851704223484099,0.24066666666666667
45997897,0.07066666666666667
1764819705464656897,0.8733333333333333
2052097302386454761,0.020666666666666667
1391268465116720005,0.122
107867557,0.12666666666666668
1669970057739985715,0.028666666666666667
1159905065360418447,0.17133333333333334
1660064965839776811,0
1252589016972719147,0.7893333333333333
1287789393887567201,0
1619244437105263319,0.6206666666666667
1987446956934170267,0.0013333333333333333
31707235,0.276
2048370039151556241,0
1563799399883315209,0.05733333333333333
23804891,0.8886666666666667
1756417209619672607,0.076
1626225601834708937,0.982
1958514971940623165,0.9273333333333333
105773885,0.7633333333333333
1198540158318677357,0.916
1308498003283886503,0.04133333333333333
1837566807745456969,0.7953333333333333
1896996710091515749,0.036
108172915,0.024666666666666667
61169525,0.102
93163457,0.9393333333333334
1622753812158834529,0.202
1381359786628031171,0.41333333333333333
1919861533123305879,0.14
1298732669208827827,0.97
1617820576063827213,0.142
1848280385319549039,0.7053333333333334
83188591,0.294
1333844398861561473,0.81466666666666665
1767809536959996771,0.878
1197295710045114163,0.02666666666666667
1193727879848269657,0.6826666666666666
2081130234999115139,0.31866666666666665
1622755415819700305,0
90827893,0.8873333333333333
1840244981143555687,0.9346666666666666
88979975,0.37466666666666665
1959761,0.6753333333333333
1729252879810866019,0.996
67498709,0.79
2039141993708624059,0.6226666666666667
108154061,0.262
1241584221773881995,0.972
67885425,0.152
30106465,0.0026666666666666666
98871177,0.19533333333333333
1358015056914796893,0
52634493,0.013333333333333334
2089871895021398607,0.20666666666666667
30998629,0.03333333333333333
1691260254052268509,0.025333333333333333
1327874127882914939,0.8946666666666667
1953507821393349909,0.4126666666666667
2064063782465111241,0.8306666666666667
108761083,0.06
105655529,0.9753333333333334
87753307,0.9273333333333333
65981581,0.6146666666666667
33374637,0.6833333333333333
1860209376259002013,0
1834400804275319437,0.5011333333333333
76269535,0.5053333333333333
1784647868464442253,0.106
1678342562334157549,0.49733333333333335
1478295590728932587,0.7486666666666667
77823991,0.28733333333333333
1947099518711435393,0.28
1932263685469633035,0.6913333333333334
1807182844199196553,0.6
1313162854545392543,0.018
10594181,0.9586666666666667
87305907,0.006666666666666667
98925139,0.8453333333333334
1272711534065379231,0
1765589401988879259,0.6453333333333333
1672690292748252275,0.005333333333333333
50736129,0.9806666666666667
1826981163492320667,0.17733333333333334
1165719481574637799,0.27
1830433761600963807,0
96489727,0.268
70531645,0.094
1717467830057694957,0.3526666666666667
99820819,0.37066666666666664
105802943,0.9493333333333334
1608710141736285023,0.652
95075445,0.19666666666666666
1959729,0.5526666666666666
84559649,0.9746666666666667
97915611,0.07733333333333334
1741894656314825797,0.928
1947807273824877585,0.9166666666666666
44442317,0.9666666666666667
68230901,0.23866666666666667
73388567,0.006666666666666667
1349642777624924861,0.9713333333333334
10993195,0.7166666666666667
1646210131041181117,0.854
1887181798489640029,0.7953333333333333
17487385,0.4066666666666667
17437703,0.9106666666666666
55598961,0.36022222222222217
1946004819628913411,0.9506666666666667
1814318566326595207,0.7093333333333334
1421685737840778047,0.30266666666666664
87612363,0.7386666666666667
1220871291292673583,0.652
75666533,0.7233333333333334
75316645,0.11933333333333333
72369357,0.8686666666666667
1897173929035787767,0.28733333333333333
1652072143822244321,0
88323175,0.8573333333333333
1975332551870375443,0.6166666666666667
90563709,0
1369501927078424711,0.017333333333333333
33017515,0.6653333333333333
83512649,0
1230110647110956039,0.9133333333333333
1570847864661829203,0.8886666666666667
102421907,0.3317777777777777
1970990954752742865,0.30333333333333334
100924605,0.13533333333333333
97653025,0.942
1953829756925066573,0.8926666666666667
1424128329829000975,0.6413333333333333
1809236939135924223,0
91009913,0.9806666666666667
1736951798957987021,0.7586666666666667
103266245,0.0013333333333333333
1994118811972286315,0.976
1231563788753911473,0.030666666666666665
91727897,0.43133333333333335
1491400042503305453,0.27266666666666667
15650493,0.26266666666666666
1896349888611048789,0.09733333333333333
82550147,0.008
1918722653717184233,0
1542204421794455773,1
1342292259642575771,0.314
1624832856093311473,0.9766666666666667
2073925380807463835,0.0013333333333333333
15426581,0
50752059,0.17933333333333334
1516189092230427569,0.194
1237355323600838409,0.07466666666666667
24504747,0.4053333333333333
100148425,0.49733333333333335
104718279,0.8826666666666667
1734988457385352647,0.09066666666666667
1927679473065802789,0.9506666666666667
1941830476021306787,0.052
1486981258733934711,0.8033333333333333
1093974319227149859,0.02666666666666667
78724513,0.9993333333333333
1444719936265263965,0.9993333333333333
1483161029093909431,0.8873333333333333
1384409629849372603,0.39066666666666666
2017832077764440689,0.9473333333333334
32884461,0.49266666666666664
1926045578624110119,0
1906002674365263543,0.43533333333333335
88504765,0.12733333333333333
1244133199502389993,0.968
1795662408181719735,0
1128747992383176543,0.8013333333333333
1946244069969655095,0.17
1479968863506884079,0.6206666666666667
83768737,0.8273333333333334
68423539,0
1430858426365343175,0.08733333333333333
101531013,0.8086666666666666
94189343,0.014666666666666666
50359611,0.442
1273615471759395559,0.9293333333333333
1489898646214573435,0.32133333333333336
1968046609908902555,0.12333333333333334
29641791,0.092
13500213,0.009333333333333334
1238243664017510027,0.9786666666666667
1628912532341013565,0.49133333333333334
1825175254313870357,0.6666666666666666
107410603,0.5833333333333334
74106943,0.76
1766589496700677157,0.38066666666666665
1274372284326200035,0
1893302005813956615,0.19333333333333333
104782939,0.33866666666666667
100147893,0.34
106703481,0.5326666666666666
97668541,0
40639229,0.906
57022365,0.252
1325727235775982093,0.005333333333333333
48122727,0.7986666666666666
59478317,0.9093333333333333
1791210771316562683,0.38066666666666665
106940363,0.002
88132015,0.005333333333333333
1732636859114681729,0.366
1276965421670516183,0.208
104232651,0.7366666666666667
1826978878388768357,0.176
2056794076275629463,0.09733333333333333
1449288630292966639,0.4706666666666667
10252313,0.7786666666666666
1308788516643620693,0.312
80847759,0
624261,0.034
60632153,0.186
1754055899117754551,0.20933333333333334
67112369,0.016
1590199721022715239,0.754
1813413590103729423,0.86
74651227,0.9853333333333333
1141002269604990769,0
1259069699490353379,0.21266666666666667
31068625,0
2004946858711196319,0.8726666666666667
1553317330889356429,0.22733333333333333
13103969,0.010666666666666666
2058735670235189693,0.31266666666666665
83583887,0.4673333333333333
1117138174247181057,0.798
80701081,0.9506666666666667
105839115,0
1616096450616384097,0.978
1826983004603363651,0.064
1681327791392083545,0.528
50029949,0.262
1867933015724204637,0.604
2034873284314656719,0.15666666666666668
1284030885725476321,0.6373333333333333
1668309020196361743,0
1665031828755745613,0.11466666666666667
4999069,0
2092804982305158083,0.44333333333333336
39148641,0.552
1352346695919572097,0.005333333333333333
1964159440543138851,0.4766666666666667
73593361,0.6313333333333333
88264643,0.886
13537531,0.2
86245283,0.002
1855602853601418615,0.9926666666666667
1708445768395757751,0.8206666666666667
4596497,0.394
53609545,0.852
1198838585097983603,0
49817563,0
63024955,0.884
1110083278732395191,0.005333333333333333
90927493,0.027333333333333334
82479007,0.9473333333333334
1597236382060102155,0.5046666666666667
2607975,0.7673333333333333
1421673086331393579,0.852
1608680116020710321,0.23866666666666667
1246531275451464539,0.7326666666666667
2079772703781457019,0
17718841,0.9653333333333334
96292307,0.9553333333333334
1231132290291397507,0.8886666666666667
90212045,0.9193333333333333
2033882420562979815,0.054
1591707838107691691,0.11733333333333333
1120508988262966361,0.6886666666666666
96478039,0.096
2027830131006994003,0.896
78176799,0
1973918197889088637,0.9893333333333333
1339155020337477885,0.052
93882229,0.9846666666666667
1997420689342597027,0.37266666666666665
50111067,0.9833333333333333
89904281,0
809461,0
1633461336861473483,0.8926666666666667
1473909411706493037,0.018
26686927,0.094
42781261,0.942
58102107,0.18066666666666667
42501823,0
56985981,0.8253333333333334
1979834842919013559,0
103483607,6.666666666666666e-4
1226137202677773125,0.002
78639211,0.054
99847705,0.012
77692207,0.218
52845561,0.15066666666666667
2086991192713550949,0.816
2086782340052812897,0.35533333333333333
1910605704808279821,0.238
99344915,0.528
80738535,0.978
107979483,0.328
11694007,0.17346666666666666
1846862134886738181,0
1846540109129607937,0.656
11723819,0
45426261,0.019333333333333334
1310007987283756847,0
1713370551333001057,0.8933333333333333
24904029,0.7786666666666666
1280939931395633355,0.8373333333333334
1767091286965311141,0.36933333333333335
36389273,0.09733333333333333
79610593,0.6666666666666666
43131055,0.9946666666666667
91277497,0.07933333333333334
1469789741367009073,0.8173333333333334
1318999408719496181,0.9753333333333334
1967157,0
77042689,0.8626666666666667
54719155,0.5466666666666666
84619865,0.8893333333333333
28431013,0.85
1168576712393097065,0.108
1688474935401379181,0.6886666666666666
91982739,0.9826666666666667
94581911,0.5086666666666667
1416335838663246891,0.8613333333333333
5031135,0.8106666666666666
1556801719795900061,0.9026666666666666
97611913,0.786
1880946011681553521,0
32024397,0.894
2007144568547307289,0.8926666666666667
83820517,0.9646666666666667
1931857875606429885,0.912
1887274362048722653,0.7313333333333333
1491312191802602547,0
1982561103112768875,0
1621807594353631845,0.6946666666666667
1340947739655656635,0.88
106186665,0
67118945,0.004666666666666667
1908880293398770063,0.012
1497519769432020197,0.6
106940283,0.7186666666666667
90354225,0.17666666666666667
1278787167439248055,0.011333333333333334
1279491101319475279,0.9153333333333333
16062641,0.762
68637039,0
36119883,0.8973333333333333
88378631,0.714
1466674084710253837,0.8373333333333334
1266462303971830647,0.06466666666666666
1649886559871060611,0.7613333333333333
1953039789830439189,0.7606666666666667
1997150184636362247,0.574
51364731,0.10866666666666666
100224683,0.472
1675233367939807679,0.734
1469016686697243049,0.025333333333333333
31853645,0.3233333333333333
1413108431106400585,0
1604104795034942413,0.506
1424929854791509091,0.208
108594725,0.784
2039142019885483641,0.69
1421566468011029103,0.17266666666666666
2020221031195203491,0.996
1117623913405010719,0.8033333333333333
1958057704501818215,0.4053333333333333
1128220196570808721,0
82052431,0.7626666666666667
2030275756358249175,0
1554163139847385025,0.7253333333333334
1790158090150565859,0.20133333333333334
34345907,0
68177703,0.6513333333333333
1985276483356245081,0.02266666666666667
1448904625461721791,0
3674183,0.28933333333333333
85906559,0.6553333333333333
68403171,0.3973333333333333
88688265,0.08
79553879,0.9693333333333334
1507144546271994397,0.6426666666666667
50513523,0.9726666666666667
23395109,0.08533333333333333
1628377100214274491,0.9786666666666667
99989633,6.666666666666666e-4
1900462357191590803,0.9593333333333334
100946403,0.8093333333333333
19291637,0.12733333333333333
1675319232493957165,0.402
73073983,0.037333333333333336
108081231,0.9566666666666667
1360612742785068119,0
2068444653268150681,0.14933333333333335
1804458687312808499,0.9
1786695635558659321,0
1900483087777213223,0.9833333333333333
1636171568969091763,0.8086666666666666
41332229,0
99465439,0.9333333333333333
70991251,0.16222222222222224
95848655,0.6086666666666667
3863637,0.9506666666666667
70703817,0.8333333333333334
1972696331751942731,0.06933333333333333
1927695766692034519,0
1450539725631029531,0.958
1775138928820746587,0.964
1761032860324212733,0.9793333333333333
1965677983458573723,0
68767277,0
99012687,0.8813333333333333
61686437,0.466
106832827,0
86060771,0.0026666666666666666
29062929,0.452
2087495270964236553,0.424
41106333,0.41733333333333333
1442412922986787637,0
63261081,0.6393333333333333
1826309227515947431,0.021333333333333333
1724047910601778699,0.7366666666666667
88252531,0.022
1712601668776805929,0.8683333333333333
1418507992410290313,0.7513333333333333
1403356772059921197,0.2806666666666667
1805649444166693267,0.216
68089649,0.13133333333333333
1439217245058346773,0.8073333333333333
7740921,0.99
1734965831978284627,0.02266666666666667
1712119552287068209,0.059333333333333335
2064013288051534089,0
2047977685643384225,0.186
2034796840155448197,0.6066666666666667
1479138080938978789,0.9073333333333333
30333399,0.232
1140863463479544751,0
101282027,0.9333333333333333
2036330054660140603,0
5461103,0.44
1216206132632861519,0.42333333333333334
101052533,0.852
1710357037874167387,0.14
16546535,0.36733333333333335
1998369832916074403,0.07133333333333333
1534453971908916443,0.03333333333333333
1764751127182143371,0.618
105007983,0.4046666666666667
12945133,0.09133333333333334
1764968142939189199,0.044
1351942941495309671,0.924
39457163,0.21933333333333332
22915739,0.08066666666666666
81982247,0.816
1887423637015125911,0.6393333333333333
65792219,0.5333333333333333
1971011777655968287,0.882
51880897,0.336
73825801,0.48533333333333334
1657134581839621185,0.03333333333333333
97254819,0.9726666666666667
1318228227288425983,0.8653333333333333
5748849,0.22733333333333333
105479001,0.25133333333333335
46466107,0.7833333333333333
1930378740731427621,0.634
1302976267122687827,0
1688683571793444115,0.056666666666666664
106976615,0.8406666666666667
2048355569709901259,0
24306095,0.8833333333333333
61630751,0.7666666666666667
1828037494095301191,0.0013333333333333333
1916982296405993419,0.886
1829335119468044229,0.4713333333333333
1779812506068743755,0.7986666666666666
3240073,0.03266666666666666
21943375,0.8433333333333334
76811875,0.37866666666666665
103004607,0.10466666666666667
1327548466900573461,0.30533333333333335
101356135,0.12066666666666667
1788661188924071745,0.986
2011658824402468249,0.14066666666666666
1255251004554681367,0.8173333333333334
1546580759802422095,0.7706666666666667
1483208483784165625,0.652
1165109081425160025,0.3233333333333333
1506020459294709519,0.017333333333333333
79684667,0.2613333333333333
101238783,0
98031633,0
101780119,0.7593333333333333
100984489,0.15866666666666668
1467932814606180721,0.8306666666666667
21371005,0.7466666666666667
77760905,0.8346666666666667
24042439,0.7793333333333333
1936074172520252821,0.268
2050454951981612791,0.8506666666666667
1530954258647365775,0.24711111111111111
106654647,0.908
2090373282565610389,0.8973333333333333
1665554651216003759,0.16133333333333333
73671563,6.666666666666666e-4
61078179,0.05333333333333334
82617761,0.5126666666666667
38316911,0.04533333333333334
1491803885660844715,0
2031003821464953447,0.8806666666666667
90535753,0.07666666666666666
104374425,0.012666666666666666
2050450653425029083,0.048666666666666664
37883793,0.9366666666666666
79795445,0.988
1419989734654517893,0.716
1511741797494345079,0.9386666666666666
43247669,0.050666666666666665
1357996299252171009,0.46
1965599291430534373,0.9326666666666666
1496992017568814883,0.08466666666666667
7035845,0.0013333333333333333
1421659989143336445,0.8853333333333333
1892461424856797213,0.25066666666666665
41668033,0.9686666666666667
1178434380748852363,0.8826666666666667
1272500128128925639,0.946
1823417415346959047,0.13933333333333334
86830239,0.9613333333333334
450505,0
1743543221589618837,0.9313333333333333
1658090696999231789,0.7406666666666667
1329391673743594571,0.4186666666666667
2049925514348154689,0.023333333333333334
71022497,1
1528002884501837509,0.872
73182925,0.762
2081591124488843451,0.79
47564159,0.876
1371156293049087491,0.9726666666666667
1358078653973494513,0.7786666666666666
1722125883736940761,0.6706666666666666
1429101115940094021,0.9793333333333333
82162541,0.8846666666666667
1889617085698343211,0.02666666666666667
1884555499463897023,0.9033333333333333
1932238872386067889,0.014
1942024801716746187,0
63669313,0.674
41971077,0.028666666666666667
1763912052723071651,0.166
1832117337673708291,0.906
7906521,0.344
1550365063044483091,0.914
84829227,0.9273333333333333
1213559570966853823,0.02266666666666667
1429234845027651779,0.842
1424893923120656983,0.8746666666666667
28231289,0.25883333333333336
1926267096043304235,0.788
76262577,0.5226666666666666
1977236114048842859,0.8813333333333333
42351209,0.012666666666666666
70512591,0.9
1968044062003980951,0.5306666666666666
2017641326506297505,0.8726666666666667
1737260571894610037,0.017333333333333333
92820393,0.884
1014911,0.8853333333333333
1189547445248869799,0.854
1491817075621356849,0.132
1339701803308620761,0.08533333333333333
83284869,0.9853333333333333
79744249,0.428
43844319,0.5913333333333334
1823369781629032825,0.38266666666666665
1656719653005124271,0
101832137,0.954
1149399240931905341,0.014
107703963,0.8833333333333333
1905668358814220513,0.10066666666666667
1500233073906420643,0.005333333333333333
1912732982877977019,0
1998604820813439769,0.8886666666666667
1411415494881018767,0.05533333333333333
1981034598954590019,0.9293333333333333
49378149,0.06933333333333333
97966045,0.7913333333333333
1581414827681394911,0.36722222222222223
1865105900750184083,0.894
7392233,0.050666666666666665
1430681442117957779,0.008666666666666666
1777257453594194805,0.13
34340327,0.12866666666666668
105257275,0.908
81872643,0.21
101449061,0.18066666666666667
100394289,0.19333333333333333
1988447373437341533,0.07266666666666667
68390727,0.6653333333333333
1701722323589812785,0.9786666666666667
2079772809165604465,0.5686666666666667
1510075643757448201,0.32866666666666666
1493964592403833115,0.98
106895649,0.8053333333333333
1460590278462308969,0.8946666666666667
16197815,1
1172907035593716915,0.6913333333333334
1491401709842623769,0.612
1662629643063603157,1
1544995688231242879,0
107178055,0
94006537,0.71
100694777,0.258
1098217223950481363,0.9113333333333333
84231025,0.43666666666666665
1785847534846076661,0.41333333333333333
2026508708567958727,0.8546666666666667
99776105,0.5246666666666666
96934325,0.048
2052101923076037351,6.666666666666666e-4
103076855,0.9893333333333333
1565449223630100087,0.4693333333333333
95486153,0.3486666666666667
34920811,0.010666666666666666
91157795,0.584
25175943,0
87065591,0.9546666666666667
63971807,0.228
1443188313107849387,0.556
1119272426660392013,0.013333333333333334
101794801,0
98317671,0.6726666666666666
76320699,0.7233333333333334
1373311227163842475,0.9713333333333334
78962869,0.11933333333333333
2012729464914001655,0.8833333333333333
1637625618974453965,0.8186666666666667
2065508031054274343,0.858
72190273,0
39894629,0.3586666666666667
1161100095668657357,0
1268472496033438697,0.4886666666666667
53685975,0
1545797343626728059,0.768
1330285514375069531,0.036
1609397605287589359,0.03866666666666667
1610370739276987297,0.7293333333333333
1899788249665772539,0.2806666666666667
1810107399522147065,0.68533333333333335
1743814344363685355,0.8386666666666667
1771687847935298329,0.8313333333333334
1511499989901390411,0.7466666666666667
1297076782003526911,0.010666666666666666
77629259,0.9686666666666667
1242179513552462571,0.994
20142669,0.64
69805447,0.33266666666666667
1529338895414613347,0.12666666666666668
1403972218111012541,0.882
53566579,0
1931934430396011255,0.6593333333333333
1804206099436790025,0.01
1946344010540914335,0.376
1562055583476387655,0.008666666666666666
1304629282474053847,0.9406666666666667
108007071,0.3788
74182737,0.776
39724693,0.21
1274395306693987459,0.013333333333333334
53001467,0.6933333333333334
2048066682297132439,0.6413333333333333
102428073,0.9553333333333334
35781473,0.09666666666666666
1128392292832509953,0
105131323,0.4573333333333333
1684400434099033815,0.902
1449350967338097297,0.436
68162405,0.49866666666666665
108582007,0.586
28332361,0.308
1777682670391320215,6.666666666666666e-4
1642438154807222515,0.286
81642901,0.8566666666666667
96206857,0.684
76323285,0.9826666666666667
2065078742983612829,0.6653333333333333
1153624953280455127,0.36
1394851240026968509,0.4633333333333333
1136167816757181035,0.38266666666666665
104816429,0
108050751,0.74
1883182968918653691,0.8646666666666667
85873405,0.45266666666666666
1814612546208251537,0.192
1385370372815587939,0.61
1416272641582433093,6.666666666666666e-4
1701841863635329301,0.39266666666666666
1292911049172857557,0.17133333333333334
1656504891542769391,0
1581360256976897225,0.8
1787015446017084257,0
80625315,0.21533333333333332
83953497,0.86
50729391,0.036
99467139,0.4806666666666667
102444869,0.5606666666666666
1691597726923135035,0.027333333333333334
1997074467986495947,0.9813333333333333
1998310946173997547,0
99466555,0.21066666666666667
1243207110030146055,0.952
59412677,0.15933333333333333
2009805806543003007,0.9233333333333333
1831717836955341715,0.9606666666666667
1875258552822584163,0.9106666666666666
66843863,0.012666666666666666
1924722811875387241,0.2753333333333333
74600313,0.5413333333333333
90000633,0.702
2027851468771835523,0.8833333333333333
103238291,0.015333333333333332
1248959549985964121,0.926
1168212939934839197,0.7786666666666666
81899625,0.272
1973046686365015329,0.31479999999999997
1865632946660167917,0.55
1552645492288142485,0.06066666666666667
90482945,0.7833333333333333
50904321,0
1705842208950424371,0
13057163,0
47098733,0.9113333333333333
1336634556859839305,0.03
85133385,0.9406666666666667
83104681,0.009333333333333334
2010662279794737747,0.08533333333333333
93517413,0.33666666666666667
1389447058656578687,0.30666666666666664
1613269732641270407,0.37266666666666665
66941995,0.7953333333333333
1810091038981453061,0
42564017,0.8946666666666667
1994394502119954075,0.22333333333333333
2027847678371653963,0.9833333333333333
2064117312350219299,0
103594589,0.264
12749657,0.05266666666666667
1591361657289206939,0.5106666666666667
1216505082949102981,0
76755633,0.11333333333333333
1717548220376992579,0.08466666666666667
1436577561684636185,0.9853333333333333
13346019,0.738
91912797,0.936
96495623,0.998
85924767,0.3748888888888888
1124790906398353043,0.404
1867941977509275579,0.9053333333333333
1937935717325274853,0.17733333333333334
107081999,0.4673333333333333
69202405,0.019333333333333334
1869262164686027989,0.9533333333333334
1603024170213555085,0.07266666666666667
99825093,0.9753333333333334
106122849,0.8253333333333334
1642280580785722519,0.009333333333333334
107429785,0.43266666666666664
1329128138321248875,6.666666666666666e-4
34930223,0.9593333333333334
1918004774931556225,0
88749895,0.020666666666666667
81957697,0.588
1895162538052620715,0
107062219,0.015333333333333332
99743979,0.9833333333333333
69501367,0.074
1325890520459553941,0.24266666666666667
47537153,0.08733333333333333
2008998651294642653,0
1209274369024827989,0.5333333333333333
96608471,0.23333333333333334
4610337,0.226
18975661,0.024
1449263973922623699,0.5433333333333333
1878518596657581039,6.666666666666666e-4
99008271,0.9006666666666666
13433287,0.9513333333333334
1108307989573329053,0.0026666666666666666
1707198789332099307,0.8506666666666667
1302639257936558669,0.04533333333333334
108312707,0.4673333333333333
62658449,0.8753333333333333
2036325814749445409,0.966
1497504689842894383,0.0026666666666666666
92862567,0.9673333333333334
1752621071114951005,0.386
77164229,0.08466666666666667
1659794692662999095,0.278
86973031,0.21666666666666667
1173663933102403053,0.5193333333333333
38824413,0.6146666666666667
1524381260129418549,0.112
1239117943892103787,0.27066666666666667
1459255436277722633,0.10666666666666667
66906235,0.23933333333333334
37408951,0
1202770233825136843,0.6413333333333333
1902803789830526025,0.29333333333333333
1298953717822153169,0.972
1241601081261201131,0.8733333333333333
1804021252937622037,0.13066666666666665
1708964755218183121,0.68
1626364580396571253,0.9093333333333333
99137449,0.034
1837909383106569209,0
17560863,0
1891325141638540809,0.806
1333345423028718377,0.014666666666666666
1658102090491367077,0.14
1826992801062996695,0.21866666666666668
108335597,0
1166795529750601571,0.812
1158215821837906399,0.12866666666666668
2078888423866988489,0.98
101399951,0
99976433,0.6833333333333333
1942386844297937059,0.808
1084011,0.04133333333333333
25429305,0.792
83569321,0.04666666666666667
1884620270042757323,0
1304078007756333395,0.7613333333333333
1413993245717151161,0.20733333333333334
53008491,0.014
1474825083038432953,0.9606666666666667
1933224925509240403,0.03333333333333333
2017663937183430273,0.7126666666666667
96543577,0.17933333333333334
1411563565494677789,0.8646666666666667
40721641,6.666666666666666e-4
1505895176320700661,0.5853333333333334
1704843564013456861,0.8086666666666666
1196826244094422881,0.31466666666666665
1950354240187140717,0.23333333333333334
1429823852036980469,0.6573333333333333
1755314807175986455,0.14933333333333335
13057611,0.308
1739187177830057647,0.394
1313335719443003291,0.974
10234857,0.3273333333333333
1468070128703495679,0
1866710684809005723,0
1292494016118049367,0.3
1303131002140145523,0.8986666666666666
43095825,0.10333333333333333
87325483,0
81059989,0.04933333333333333
106940271,0.0013333333333333333
101265277,0.06666666666666667
1821795152660432889,0.41
1814675228476722875,0.20266666666666666
1817649723042839005,0.8093333333333333
30265183,0.27266666666666667
1784235436415675591,0.9533333333333334
106950285,0.8553333333333333
83800811,0.44866666666666666
102396225,0.752
13057541,0.118
1410796983338884045,0.5446666666666666
99828099,0.5593333333333333
1789549865766033443,0.006
1182950062098208745,0.0013333333333333333
81880919,0.23066666666666666
1959357882277893449,0.348
1745167308450586199,0.025333333333333333
101517567,0.8213333333333334
85177323,0.016
1920317934377914553,0
1848407302848477351,6.666666666666666e-4
1681774938828004893,0.29733333333333334
1685633164986431285,0.16066666666666668
1858440037539889935,0.012
108330633,0.8246666666666667
59983481,0.6246666666666667
1886961913303181679,0.6693333333333333
77111913,0.01
1991418086366112679,0
56217441,0.032
2079773764086523481,0.8673333333333333
2075029294544412205,0.20333333333333334
2039429172219373905,0.11066666666666666
54453267,0.9826666666666667
2083226911535538965,0.8266666666666667
188777,0
1326259612584767399,0.96
77686645,0.7513333333333333
36662917,0.926
88290793,0.17
92232173,6.666666666666666e-4
1403973809306275981,0.02266666666666667
5358789,0.158
1953997229537027315,0
1513728258735086935,0.144
1732058484667448429,0.4613333333333333
1427227632876481247,0.08933333333333333
1764996498648292401,0.6106666666666667
1169462897047487881,0.958
101612327,6.666666666666666e-4
1341390803861589935,0.7406666666666667
57554847,0.0013333333333333333
2051137523346409531,0.608
46291919,0.408
32287279,0.9266666666666666
89331065,0.7393333333333333
1494269252274081133,0.15066666666666667
1130569671642260113,0.8413333333333334
1146373442979650725,0
1110296200435657299,0.24666666666666667
99294461,0.5913333333333334
1306131005578680527,0.9826666666666667
76181819,0.38133333333333336
1934634865521218865,0.5446666666666666
1784507969382684385,0.024666666666666667
1712739320609630459,0.10266666666666667
1439187650337005359,0.758
2044256114971408905,0.5906666666666667
1252466245425897241,0.6693333333333333
1727382438194859697,6.666666666666666e-4
1945868108953921271,0.9886666666666667
1179875396302483969,0.005333333333333333
1255095734250429531,6.666666666666666e-4
2047597556835190845,0.6446666666666667
2037090792588862331,0.462
1582196590748434217,0.92
64490563,0.19333333333333333
108050377,0.878
1775902779782212837,0
1442137099081673549,0.8186666666666667
2064108337022422367,0.874
2061132968474431525,0.9693333333333334
1773860949432253179,0
99142703,0.89
49503023,0.9186666666666666
1282688177618889253,0.18533333333333332
54456283,0.051333333333333335
1639358709633970355,0.8326666666666667
106793151,0.23755555555555555
83821735,0.8266666666666667
1901265883212759579,6.666666666666666e-4
1251112033465689561,0.8306666666666667
72473695,0.030666666666666665
77405197,0.368
1179884449640341171,0.040666666666666663
1237670806863933943,0.9486666666666667
2030657724035234439,0.4246666666666667
1864092402678796939,0
2052037639967841157,0.9953333333333333
1443090754416578177,0.056666666666666664
69949945,0.8513333333333334
97762733,0.456
1923231492901848683,0.204
26833455,0.406
15151031,0.9693333333333334
54332511,0.6213333333333333
1834551337269775903,0.99
85905013,0.5
1290610209794048561,0.4886666666666667
1436332449769936967,0
1469703196768865061,0.4186666666666667
1826982901295858027,0.5353333333333333
1595790980968119213,0.424
1975860100738577657,0.2906666666666667
1764258478751997065,0.007333333333333333
81405431,0.084
83642521,0.44066666666666665
82036275,0.9566666666666667
1729435313861490499,0.6713333333333333
1932487638516842729,0.017333333333333333
1775769156274758897,0.25466666666666665
1250498474144822535,0.06733333333333333
106112151,0.023333333333333334
1826978989905823765,0
1351118024449157261,0.008
1982629953696827225,0.9033333333333333
26414929,0.27666666666666667
98811835,0.386
2037111642995421305,0.02666666666666667
107124273,0.224
57895907,0
43420693,0.024
1884147113805784499,0.824
1484297243636835849,0.086
96484871,0.6793333333333333
1756209787174240989,0.2786666666666667
2050455151348022045,0.11733333333333333
46934379,0
36145133,0.09066666666666667
1939536425540841521,0.17133333333333334
72161341,0.9326666666666666
1144957887734534213,0.5353333333333333
1411717116686482523,0.88
1475654634601466847,0.99
37852331,0.242
88615047,0.904
91031039,0
79861207,0.8266666666666667
73825015,0.12466666666666666
1775739135021491145,0.5906666666666667
1170543062364066831,0
1947187375928757495,0.308
1878397072376249405,0.8746666666666667
1116429502248319609,0.5113333333333333
16302799,0.04133333333333333
1339219370639428231,0
75140783,0
1937858209569001601,0.18666666666666668
38484291,0.002
1933288016072949737,0.32133333333333336
1095120611032217753,0.972
1704248770170920677,0.6226666666666667
105041679,0
1766274805176300735,0.002
40997503,0.7826666666666666
1469631525105442255,0.04666666666666667
1726117,0.792
104700969,0.438
61582941,0.012666666666666666
1398830332178281259,0.9993333333333333
2065036533768404873,0.7066666666666667
21097275,0.958
2039241321358443581,0.9586666666666667
1786820335787410147,0.688
2078497815505118555,0.09466666666666666
1515711263095725469,0.44866666666666666
1331798045410846701,0.962
83820463,0.804
1100265550617940917,0.714
98438229,0.07733333333333334
79935975,0.042
13514073,0.94
1907407849047783281,0.674
85925077,0.6226666666666667
83686255,0.025333333333333333
1857609164538860411,0.08
2081941379875300285,0
2050810110238116223,0.706
2050453533837296657,0.258
98145835,0.538
1384151986418655299,0.8653333333333333
2050453018571880663,0.015333333333333332
1511520648735317993,0.9793333333333333
1734787454887098497,0.028
1933974669739814469,0.030666666666666665
1897615045142254795,0.21
88407223,0.12933333333333333
95724061,0.8993333333333333
79578977,0.3233333333333333
63302719,0.03133333333333333
1276372424416939177,0.21466666666666667
1469821142151585939,0.252
88866003,0
70754665,0.914
1317808078164881127,0.102
16545817,0.8713333333333333
79207963,0.936
93767195,0.8306666666666667
71462631,0.044
1181538047823096511,0
22512883,0.18413333333333332
1634832729021313673,0.0026666666666666666
98750749,0.7166666666666667
1804284241176283659,0.22533333333333333
1814876806265846401,0.8886666666666667
1467974646512745049,0.836
2041003149703645653,0.012
71334489,0.9986666666666667
105860393,0.9493333333333334
65642091,0.6946666666666667
103778281,0.26
1992759774547623729,0.5366666666666666
97052817,0.002
79538085,0.12333333333333334
2009375777593960261,0.104
1997277338612864993,0.044
97701963,0.11533333333333333
1313316892043944315,0.8573333333333333
1238351880428183895,0.5186666666666667
1621289160461520519,0.027333333333333334
1676251311316044087,0.53
50370121,0.33066666666666666
39102919,0.8006666666666666
1680855737012497243,0.7353333333333333
95061405,0.030666666666666665
1511181872438924069,0
50477017,0.011333333333333334
102462309,0
78501561,0.048666666666666664
2049763488854120181,0.334
99825257,0.08733333333333333
1767205729740485785,0.034
24191133,0
1736958657713633289,0.04466666666666667
1192865499442041357,0.9486666666666667
1402305217902754389,0.5486666666666666
1833546309840011187,0.988
105784479,0.6766666666666666
1175075164602787051,0.08733333333333333
97914465,0.004
1331835098246136791,0.37333333333333335
66753315,0.6706666666666666
1812865088529470415,0.7613333333333333
1850823897616955387,0.53
1497343015091397945,0.12666666666666668
1434515534517956285,0.248
106725111,0.9153333333333333
49391379,0.9993333333333333
2058320459725070899,0.7413333333333333
105801227,0.014
1936726655583580747,0.534
88426067,0.12333333333333334
57424941,0.8486666666666667
1258057089861868043,0.07133333333333333
1966730660416986473,0.978
78180363,0.8626666666666667
68274409,0.29733333333333334
1471825330258819535,0.804
107346635,0.92
31098047,0.7726666666666666
1907330653862471789,0.006666666666666667
30999961,0.025333333333333333
1531740826671771147,0.7033333333333334
107501987,0.6573333333333333
27596759,0.93
1672997900623919125,0.6846666666666666
78056773,0.7786666666666666
44116543,0.2673333333333333
1498898110143078381,0.011333333333333334
95676869,0.016666666666666666
88945639,0.648
1951612750792437591,0.39
1989915328073152829,0.5768
1859705,0
105156677,0.10866666666666666
1872771752674988287,0.08266666666666667
1911544414233264099,0.6406666666666667
1964480576091728551,6.666666666666666e-4
1558880242794186749,0.004
95830519,0.08066666666666666
1918780010446455011,0.05733333333333333
59415719,0.15733333333333333
69571131,0.328
56520479,0.004666666666666667
53277335,0
1280721265654335463,0.926
1256870036236634787,0.458
1802746432937984447,0.11533333333333333
1329160676555925193,0.794
100882355,0.934
85408359,0.005333333333333333
100616969,0.9866666666666667
104616335,0.4266666666666667
41359853,0.4686666666666667
96223967,0.03
1395145,0.9086666666666666
1342030109145514191,0.998
2023475874917429755,0.0026666666666666666
1105894073809974649,0
1307624601861897427,0.019333333333333334
1867994243931585181,0.9926666666666667
95483639,0.8366666666666667
1554992583494492927,0
13988457,0.14666666666666667
105542257,0.9893333333333333
1367513015719675069,0.6617777777777778
104843225,0.082
43003155,0.18666666666666668
1771012369309838391,0.5486666666666666
1815781604861699729,0
79887633,0.6233333333333333
58205997,0.6373333333333333
105223071,0.47533333333333333
4792557,0.8466666666666667
2081252046687147083,0
2052446265244559961,0.09133333333333334
97255241,0.0026666666666666666
45586089,0.034
102664803,0.22466666666666665
1624443693673989875,0.568
1481017377951278685,0.007333333333333333
1835371257754006255,0.9833333333333333
36689885,0.24266666666666667
79718557,0.0013333333333333333
91737297,0.5006666666666667
54672233,0.004666666666666667
1337454329937767977,0.0013333333333333333
1672241563234465379,0.198
2033939467169361177,0.38466666666666666
1888248526012909431,0.45666666666666667
107534693,0.7393333333333333
1491969817204516353,0.6513333333333333
2064123997857947019,0.978
95074213,0.828
70692889,0.98
1412176071794936565,0
1300321406625893207,0.06666666666666667
103820587,0.018666666666666668
34877681,0.7286666666666667
1826082189056112875,0.8506666666666667
88327261,0.32
104931881,0.5933333333333334
1670133295354514619,0.8673333333333333
86844551,0.9526666666666667
94057741,0
12726533,0.244
102863461,0.8793333333333333
81851711,0.21933333333333332
100520463,0.716
1244675251123271963,0.0013333333333333333
2008528078439362713,0.06266666666666666
103631229,0.242
2036327946416918741,0
1554103785780759741,0.09733333333333333
88252583,0.04733333333333333
107860271,0.9626666666666667
99542973,0.764
1560503646630029901,0.932
1451545675985902799,0.7486666666666667
1768954177095963577,0.5966666666666667
15619937,0.9846666666666667
74215797,0.8493333333333334
40455815,0.316
42181157,0.059333333333333335
1945920283494228139,0.9966666666666667
1786599379278607903,0.004
1160762903033216183,6.666666666666666e-4
93633243,0.9553333333333334
1804547624885021503,0.5066666666666667
1743408269330609219,0.924
1971289975007363115,0.69
30928591,0.37466666666666665
2049932785840615943,1
74917205,0.864
75503923,0.24266666666666667
70568347,0.182
44798957,0.7473333333333333
1929899281829298917,0.464
36015595,0.51
1472538040789213113,0.36533333333333334
79743915,0.398
